ISO-10303-21;
HEADER;
/* Generated by software containing ST-Developer
 * from STEP Tools, Inc. (www.steptools.com) 
 */

FILE_DESCRIPTION(
/* description */ (''),
/* implementation_level */ '2;1');

FILE_NAME(
/* name */ 'ywit_2026_box.step',
/* time_stamp */ '2026-09-21T19:07:52-04:00',
/* author */ (''),
/* organization */ (''),
/* preprocessor_version */ 'ST-DEVELOPER v20.1',
/* originating_system */ 'Autodesk Translation Framework v15.8.0.0',
/* authorisation */ '');

FILE_SCHEMA (('AUTOMOTIVE_DESIGN { 1 0 10303 214 3 1 1 }'));
ENDSEC;

DATA;
#10=MECHANICAL_DESIGN_GEOMETRIC_PRESENTATION_REPRESENTATION('',(#13,#14),
#5657);
#11=SHAPE_REPRESENTATION_RELATIONSHIP('SRR','None',#5664,#12);
#12=ADVANCED_BREP_SHAPE_REPRESENTATION('',(#15,#16),#5656);
#13=STYLED_ITEM('',(#5673),#15);
#14=STYLED_ITEM('',(#5673),#16);
#15=MANIFOLD_SOLID_BREP('Base',#3388);
#16=MANIFOLD_SOLID_BREP('Lid',#3389);
#17=ELLIPSE('',#3487,1.41421356237309,1.);
#18=ELLIPSE('',#3489,1.41421356237309,1.);
#19=ELLIPSE('',#3491,1.41421356237309,1.);
#20=ELLIPSE('',#3492,1.41421356237309,1.);
#21=ELLIPSE('',#3688,1.41421356237309,1.);
#22=ELLIPSE('',#3690,1.41421356237309,1.);
#23=ELLIPSE('',#3691,1.41421356237309,1.);
#24=ELLIPSE('',#3692,1.41421356237309,1.);
#25=SPHERICAL_SURFACE('',#3447,1.2);
#26=SPHERICAL_SURFACE('',#3450,1.2);
#27=SPHERICAL_SURFACE('',#3453,1.2);
#28=SPHERICAL_SURFACE('',#3456,1.2);
#29=SPHERICAL_SURFACE('',#3459,1.2);
#30=SPHERICAL_SURFACE('',#3462,1.2);
#31=SPHERICAL_SURFACE('',#3627,1.);
#32=SPHERICAL_SURFACE('',#3630,1.);
#33=SPHERICAL_SURFACE('',#3633,1.);
#34=SPHERICAL_SURFACE('',#3636,1.);
#35=SPHERICAL_SURFACE('',#3667,1.);
#36=SPHERICAL_SURFACE('',#3670,1.);
#37=FACE_BOUND('',#434,.T.);
#38=FACE_BOUND('',#436,.T.);
#39=FACE_BOUND('',#437,.T.);
#40=FACE_BOUND('',#438,.T.);
#41=FACE_BOUND('',#439,.T.);
#42=FACE_BOUND('',#440,.T.);
#43=FACE_BOUND('',#441,.T.);
#44=FACE_BOUND('',#442,.T.);
#45=FACE_BOUND('',#443,.T.);
#46=FACE_BOUND('',#444,.T.);
#47=FACE_BOUND('',#445,.T.);
#48=FACE_BOUND('',#449,.T.);
#49=FACE_BOUND('',#452,.T.);
#50=FACE_BOUND('',#453,.T.);
#51=FACE_BOUND('',#454,.T.);
#52=FACE_BOUND('',#467,.T.);
#53=FACE_BOUND('',#469,.T.);
#54=FACE_BOUND('',#474,.T.);
#55=FACE_BOUND('',#476,.T.);
#56=FACE_BOUND('',#481,.T.);
#57=FACE_BOUND('',#483,.T.);
#58=FACE_BOUND('',#573,.T.);
#59=FACE_BOUND('',#575,.T.);
#60=FACE_BOUND('',#580,.T.);
#61=FACE_BOUND('',#581,.T.);
#62=FACE_BOUND('',#582,.T.);
#63=FACE_BOUND('',#583,.T.);
#64=FACE_BOUND('',#584,.T.);
#65=FACE_BOUND('',#585,.T.);
#66=FACE_BOUND('',#598,.T.);
#67=FACE_BOUND('',#604,.T.);
#68=FACE_BOUND('',#610,.T.);
#69=FACE_BOUND('',#616,.T.);
#70=FACE_BOUND('',#624,.T.);
#71=FACE_BOUND('',#630,.T.);
#72=CYLINDRICAL_SURFACE('',#3419,2.);
#73=CYLINDRICAL_SURFACE('',#3422,2.);
#74=CYLINDRICAL_SURFACE('',#3426,2.);
#75=CYLINDRICAL_SURFACE('',#3440,2.);
#76=CYLINDRICAL_SURFACE('',#3443,2.);
#77=CYLINDRICAL_SURFACE('',#3445,2.);
#78=CYLINDRICAL_SURFACE('',#3466,2.);
#79=CYLINDRICAL_SURFACE('',#3473,2.);
#80=CYLINDRICAL_SURFACE('',#3480,2.);
#81=CYLINDRICAL_SURFACE('',#3486,1.);
#82=CYLINDRICAL_SURFACE('',#3488,1.);
#83=CYLINDRICAL_SURFACE('',#3493,1.);
#84=CYLINDRICAL_SURFACE('',#3494,1.);
#85=CYLINDRICAL_SURFACE('',#3501,2.);
#86=CYLINDRICAL_SURFACE('',#3503,2.);
#87=CYLINDRICAL_SURFACE('',#3507,7.);
#88=CYLINDRICAL_SURFACE('',#3512,7.);
#89=CYLINDRICAL_SURFACE('',#3517,7.);
#90=CYLINDRICAL_SURFACE('',#3522,7.);
#91=CYLINDRICAL_SURFACE('',#3527,7.);
#92=CYLINDRICAL_SURFACE('',#3532,7.);
#93=CYLINDRICAL_SURFACE('',#3537,7.);
#94=CYLINDRICAL_SURFACE('',#3542,7.);
#95=CYLINDRICAL_SURFACE('',#3547,7.);
#96=CYLINDRICAL_SURFACE('',#3601,2.39999999999999);
#97=CYLINDRICAL_SURFACE('',#3604,2.4);
#98=CYLINDRICAL_SURFACE('',#3616,2.);
#99=CYLINDRICAL_SURFACE('',#3619,2.);
#100=CYLINDRICAL_SURFACE('',#3622,2.);
#101=CYLINDRICAL_SURFACE('',#3625,2.);
#102=CYLINDRICAL_SURFACE('',#3639,1.99999999999999);
#103=CYLINDRICAL_SURFACE('',#3646,1.99999999999999);
#104=CYLINDRICAL_SURFACE('',#3653,1.99999999999999);
#105=CYLINDRICAL_SURFACE('',#3660,1.99999999999999);
#106=CYLINDRICAL_SURFACE('',#3673,1.99999999999999);
#107=CYLINDRICAL_SURFACE('',#3680,1.99999999999999);
#108=CYLINDRICAL_SURFACE('',#3687,1.);
#109=CYLINDRICAL_SURFACE('',#3693,1.);
#110=CYLINDRICAL_SURFACE('',#3694,1.);
#111=CYLINDRICAL_SURFACE('',#3695,1.);
#112=CYLINDRICAL_SURFACE('',#3707,2.4);
#113=CYLINDRICAL_SURFACE('',#3709,2.39999999999999);
#114=CIRCLE('',#3405,2.);
#115=CIRCLE('',#3406,1.);
#116=CIRCLE('',#3409,2.);
#117=CIRCLE('',#3410,1.);
#118=CIRCLE('',#3413,2.);
#119=CIRCLE('',#3414,0.999999999999999);
#120=CIRCLE('',#3417,2.);
#121=CIRCLE('',#3418,1.);
#122=CIRCLE('',#3420,2.);
#123=CIRCLE('',#3423,2.);
#124=CIRCLE('',#3427,2.);
#125=CIRCLE('',#3428,2.);
#126=CIRCLE('',#3431,2.);
#127=CIRCLE('',#3432,2.);
#128=CIRCLE('',#3433,2.);
#129=CIRCLE('',#3434,1.);
#130=CIRCLE('',#3435,1.);
#131=CIRCLE('',#3436,1.);
#132=CIRCLE('',#3437,1.);
#133=CIRCLE('',#3438,2.);
#134=CIRCLE('',#3439,2.);
#135=CIRCLE('',#3441,2.);
#136=CIRCLE('',#3444,2.);
#137=CIRCLE('',#3446,2.);
#138=CIRCLE('',#3448,1.18321595661992);
#139=CIRCLE('',#3449,1.2);
#140=CIRCLE('',#3451,1.18321595661992);
#141=CIRCLE('',#3452,1.2);
#142=CIRCLE('',#3454,1.18321595661992);
#143=CIRCLE('',#3455,1.2);
#144=CIRCLE('',#3457,1.18321595661992);
#145=CIRCLE('',#3458,1.2);
#146=CIRCLE('',#3460,1.18321595661992);
#147=CIRCLE('',#3461,1.2);
#148=CIRCLE('',#3463,1.18321595661992);
#149=CIRCLE('',#3464,1.2);
#150=CIRCLE('',#3467,2.);
#151=CIRCLE('',#3468,2.);
#152=CIRCLE('',#3474,2.);
#153=CIRCLE('',#3475,2.);
#154=CIRCLE('',#3481,2.);
#155=CIRCLE('',#3482,2.);
#156=CIRCLE('',#3508,7.);
#157=CIRCLE('',#3509,7.);
#158=CIRCLE('',#3513,7.);
#159=CIRCLE('',#3514,7.);
#160=CIRCLE('',#3518,7.);
#161=CIRCLE('',#3519,7.);
#162=CIRCLE('',#3523,7.);
#163=CIRCLE('',#3524,7.);
#164=CIRCLE('',#3528,7.);
#165=CIRCLE('',#3529,7.);
#166=CIRCLE('',#3533,7.);
#167=CIRCLE('',#3534,7.);
#168=CIRCLE('',#3538,7.);
#169=CIRCLE('',#3539,7.);
#170=CIRCLE('',#3543,7.);
#171=CIRCLE('',#3544,7.);
#172=CIRCLE('',#3548,7.);
#173=CIRCLE('',#3549,7.);
#174=CIRCLE('',#3587,2.39999999999999);
#175=CIRCLE('',#3588,3.39999999999999);
#176=CIRCLE('',#3591,2.4);
#177=CIRCLE('',#3592,3.40000000000001);
#178=CIRCLE('',#3595,2.39999999999999);
#179=CIRCLE('',#3596,3.39999999999999);
#180=CIRCLE('',#3599,2.4);
#181=CIRCLE('',#3600,3.4);
#182=CIRCLE('',#3602,2.39999999999999);
#183=CIRCLE('',#3605,2.4);
#184=CIRCLE('',#3608,2.);
#185=CIRCLE('',#3609,1.);
#186=CIRCLE('',#3610,1.);
#187=CIRCLE('',#3611,1.);
#188=CIRCLE('',#3612,1.);
#189=CIRCLE('',#3613,2.);
#190=CIRCLE('',#3614,2.);
#191=CIRCLE('',#3615,2.);
#192=CIRCLE('',#3617,2.);
#193=CIRCLE('',#3620,2.);
#194=CIRCLE('',#3623,2.);
#195=CIRCLE('',#3626,2.);
#196=CIRCLE('',#3628,1.);
#197=CIRCLE('',#3629,1.);
#198=CIRCLE('',#3631,1.);
#199=CIRCLE('',#3632,1.);
#200=CIRCLE('',#3634,1.);
#201=CIRCLE('',#3635,1.);
#202=CIRCLE('',#3637,1.);
#203=CIRCLE('',#3638,1.);
#204=CIRCLE('',#3640,1.99999999999999);
#205=CIRCLE('',#3641,1.99999999999999);
#206=CIRCLE('',#3647,1.99999999999999);
#207=CIRCLE('',#3648,1.99999999999999);
#208=CIRCLE('',#3654,1.99999999999999);
#209=CIRCLE('',#3655,1.99999999999999);
#210=CIRCLE('',#3661,1.99999999999999);
#211=CIRCLE('',#3662,1.99999999999999);
#212=CIRCLE('',#3668,1.);
#213=CIRCLE('',#3669,1.);
#214=CIRCLE('',#3671,1.);
#215=CIRCLE('',#3672,1.);
#216=CIRCLE('',#3674,1.99999999999999);
#217=CIRCLE('',#3675,1.99999999999999);
#218=CIRCLE('',#3681,1.99999999999999);
#219=CIRCLE('',#3682,1.99999999999999);
#220=CIRCLE('',#3704,2.39999999999999);
#221=CIRCLE('',#3705,2.4);
#222=CONICAL_SURFACE('',#3404,1.5,0.785398163397447);
#223=CONICAL_SURFACE('',#3408,1.5,0.785398163397447);
#224=CONICAL_SURFACE('',#3412,1.5,0.785398163397449);
#225=CONICAL_SURFACE('',#3416,1.5,0.785398163397447);
#226=CONICAL_SURFACE('',#3586,2.89999999999999,0.785398163397447);
#227=CONICAL_SURFACE('',#3590,2.9,0.785398163397451);
#228=CONICAL_SURFACE('',#3594,2.89999999999999,0.785398163397448);
#229=CONICAL_SURFACE('',#3598,2.9,0.785398163397447);
#230=FACE_OUTER_BOUND('',#422,.T.);
#231=FACE_OUTER_BOUND('',#423,.T.);
#232=FACE_OUTER_BOUND('',#424,.T.);
#233=FACE_OUTER_BOUND('',#425,.T.);
#234=FACE_OUTER_BOUND('',#426,.T.);
#235=FACE_OUTER_BOUND('',#427,.T.);
#236=FACE_OUTER_BOUND('',#428,.T.);
#237=FACE_OUTER_BOUND('',#429,.T.);
#238=FACE_OUTER_BOUND('',#430,.T.);
#239=FACE_OUTER_BOUND('',#431,.T.);
#240=FACE_OUTER_BOUND('',#432,.T.);
#241=FACE_OUTER_BOUND('',#433,.T.);
#242=FACE_OUTER_BOUND('',#435,.T.);
#243=FACE_OUTER_BOUND('',#446,.T.);
#244=FACE_OUTER_BOUND('',#447,.T.);
#245=FACE_OUTER_BOUND('',#448,.T.);
#246=FACE_OUTER_BOUND('',#450,.T.);
#247=FACE_OUTER_BOUND('',#451,.T.);
#248=FACE_OUTER_BOUND('',#455,.T.);
#249=FACE_OUTER_BOUND('',#456,.T.);
#250=FACE_OUTER_BOUND('',#457,.T.);
#251=FACE_OUTER_BOUND('',#458,.T.);
#252=FACE_OUTER_BOUND('',#459,.T.);
#253=FACE_OUTER_BOUND('',#460,.T.);
#254=FACE_OUTER_BOUND('',#461,.T.);
#255=FACE_OUTER_BOUND('',#462,.T.);
#256=FACE_OUTER_BOUND('',#463,.T.);
#257=FACE_OUTER_BOUND('',#464,.T.);
#258=FACE_OUTER_BOUND('',#465,.T.);
#259=FACE_OUTER_BOUND('',#466,.T.);
#260=FACE_OUTER_BOUND('',#468,.T.);
#261=FACE_OUTER_BOUND('',#470,.T.);
#262=FACE_OUTER_BOUND('',#471,.T.);
#263=FACE_OUTER_BOUND('',#472,.T.);
#264=FACE_OUTER_BOUND('',#473,.T.);
#265=FACE_OUTER_BOUND('',#475,.T.);
#266=FACE_OUTER_BOUND('',#477,.T.);
#267=FACE_OUTER_BOUND('',#478,.T.);
#268=FACE_OUTER_BOUND('',#479,.T.);
#269=FACE_OUTER_BOUND('',#480,.T.);
#270=FACE_OUTER_BOUND('',#482,.T.);
#271=FACE_OUTER_BOUND('',#484,.T.);
#272=FACE_OUTER_BOUND('',#485,.T.);
#273=FACE_OUTER_BOUND('',#486,.T.);
#274=FACE_OUTER_BOUND('',#487,.T.);
#275=FACE_OUTER_BOUND('',#488,.T.);
#276=FACE_OUTER_BOUND('',#489,.T.);
#277=FACE_OUTER_BOUND('',#490,.T.);
#278=FACE_OUTER_BOUND('',#491,.T.);
#279=FACE_OUTER_BOUND('',#492,.T.);
#280=FACE_OUTER_BOUND('',#493,.T.);
#281=FACE_OUTER_BOUND('',#494,.T.);
#282=FACE_OUTER_BOUND('',#495,.T.);
#283=FACE_OUTER_BOUND('',#496,.T.);
#284=FACE_OUTER_BOUND('',#497,.T.);
#285=FACE_OUTER_BOUND('',#498,.T.);
#286=FACE_OUTER_BOUND('',#499,.T.);
#287=FACE_OUTER_BOUND('',#500,.T.);
#288=FACE_OUTER_BOUND('',#501,.T.);
#289=FACE_OUTER_BOUND('',#502,.T.);
#290=FACE_OUTER_BOUND('',#503,.T.);
#291=FACE_OUTER_BOUND('',#504,.T.);
#292=FACE_OUTER_BOUND('',#505,.T.);
#293=FACE_OUTER_BOUND('',#506,.T.);
#294=FACE_OUTER_BOUND('',#507,.T.);
#295=FACE_OUTER_BOUND('',#508,.T.);
#296=FACE_OUTER_BOUND('',#509,.T.);
#297=FACE_OUTER_BOUND('',#510,.T.);
#298=FACE_OUTER_BOUND('',#511,.T.);
#299=FACE_OUTER_BOUND('',#512,.T.);
#300=FACE_OUTER_BOUND('',#513,.T.);
#301=FACE_OUTER_BOUND('',#514,.T.);
#302=FACE_OUTER_BOUND('',#515,.T.);
#303=FACE_OUTER_BOUND('',#516,.T.);
#304=FACE_OUTER_BOUND('',#517,.T.);
#305=FACE_OUTER_BOUND('',#518,.T.);
#306=FACE_OUTER_BOUND('',#519,.T.);
#307=FACE_OUTER_BOUND('',#520,.T.);
#308=FACE_OUTER_BOUND('',#521,.T.);
#309=FACE_OUTER_BOUND('',#522,.T.);
#310=FACE_OUTER_BOUND('',#523,.T.);
#311=FACE_OUTER_BOUND('',#524,.T.);
#312=FACE_OUTER_BOUND('',#525,.T.);
#313=FACE_OUTER_BOUND('',#526,.T.);
#314=FACE_OUTER_BOUND('',#527,.T.);
#315=FACE_OUTER_BOUND('',#528,.T.);
#316=FACE_OUTER_BOUND('',#529,.T.);
#317=FACE_OUTER_BOUND('',#530,.T.);
#318=FACE_OUTER_BOUND('',#531,.T.);
#319=FACE_OUTER_BOUND('',#532,.T.);
#320=FACE_OUTER_BOUND('',#533,.T.);
#321=FACE_OUTER_BOUND('',#534,.T.);
#322=FACE_OUTER_BOUND('',#535,.T.);
#323=FACE_OUTER_BOUND('',#536,.T.);
#324=FACE_OUTER_BOUND('',#537,.T.);
#325=FACE_OUTER_BOUND('',#538,.T.);
#326=FACE_OUTER_BOUND('',#539,.T.);
#327=FACE_OUTER_BOUND('',#540,.T.);
#328=FACE_OUTER_BOUND('',#541,.T.);
#329=FACE_OUTER_BOUND('',#542,.T.);
#330=FACE_OUTER_BOUND('',#543,.T.);
#331=FACE_OUTER_BOUND('',#544,.T.);
#332=FACE_OUTER_BOUND('',#545,.T.);
#333=FACE_OUTER_BOUND('',#546,.T.);
#334=FACE_OUTER_BOUND('',#547,.T.);
#335=FACE_OUTER_BOUND('',#548,.T.);
#336=FACE_OUTER_BOUND('',#549,.T.);
#337=FACE_OUTER_BOUND('',#550,.T.);
#338=FACE_OUTER_BOUND('',#551,.T.);
#339=FACE_OUTER_BOUND('',#552,.T.);
#340=FACE_OUTER_BOUND('',#553,.T.);
#341=FACE_OUTER_BOUND('',#554,.T.);
#342=FACE_OUTER_BOUND('',#555,.T.);
#343=FACE_OUTER_BOUND('',#556,.T.);
#344=FACE_OUTER_BOUND('',#557,.T.);
#345=FACE_OUTER_BOUND('',#558,.T.);
#346=FACE_OUTER_BOUND('',#559,.T.);
#347=FACE_OUTER_BOUND('',#560,.T.);
#348=FACE_OUTER_BOUND('',#561,.T.);
#349=FACE_OUTER_BOUND('',#562,.T.);
#350=FACE_OUTER_BOUND('',#563,.T.);
#351=FACE_OUTER_BOUND('',#564,.T.);
#352=FACE_OUTER_BOUND('',#565,.T.);
#353=FACE_OUTER_BOUND('',#566,.T.);
#354=FACE_OUTER_BOUND('',#567,.T.);
#355=FACE_OUTER_BOUND('',#568,.T.);
#356=FACE_OUTER_BOUND('',#569,.T.);
#357=FACE_OUTER_BOUND('',#570,.T.);
#358=FACE_OUTER_BOUND('',#571,.T.);
#359=FACE_OUTER_BOUND('',#572,.T.);
#360=FACE_OUTER_BOUND('',#574,.T.);
#361=FACE_OUTER_BOUND('',#576,.T.);
#362=FACE_OUTER_BOUND('',#577,.T.);
#363=FACE_OUTER_BOUND('',#578,.T.);
#364=FACE_OUTER_BOUND('',#579,.T.);
#365=FACE_OUTER_BOUND('',#586,.T.);
#366=FACE_OUTER_BOUND('',#587,.T.);
#367=FACE_OUTER_BOUND('',#588,.T.);
#368=FACE_OUTER_BOUND('',#589,.T.);
#369=FACE_OUTER_BOUND('',#590,.T.);
#370=FACE_OUTER_BOUND('',#591,.T.);
#371=FACE_OUTER_BOUND('',#592,.T.);
#372=FACE_OUTER_BOUND('',#593,.T.);
#373=FACE_OUTER_BOUND('',#594,.T.);
#374=FACE_OUTER_BOUND('',#595,.T.);
#375=FACE_OUTER_BOUND('',#596,.T.);
#376=FACE_OUTER_BOUND('',#597,.T.);
#377=FACE_OUTER_BOUND('',#599,.T.);
#378=FACE_OUTER_BOUND('',#600,.T.);
#379=FACE_OUTER_BOUND('',#601,.T.);
#380=FACE_OUTER_BOUND('',#602,.T.);
#381=FACE_OUTER_BOUND('',#603,.T.);
#382=FACE_OUTER_BOUND('',#605,.T.);
#383=FACE_OUTER_BOUND('',#606,.T.);
#384=FACE_OUTER_BOUND('',#607,.T.);
#385=FACE_OUTER_BOUND('',#608,.T.);
#386=FACE_OUTER_BOUND('',#609,.T.);
#387=FACE_OUTER_BOUND('',#611,.T.);
#388=FACE_OUTER_BOUND('',#612,.T.);
#389=FACE_OUTER_BOUND('',#613,.T.);
#390=FACE_OUTER_BOUND('',#614,.T.);
#391=FACE_OUTER_BOUND('',#615,.T.);
#392=FACE_OUTER_BOUND('',#617,.T.);
#393=FACE_OUTER_BOUND('',#618,.T.);
#394=FACE_OUTER_BOUND('',#619,.T.);
#395=FACE_OUTER_BOUND('',#620,.T.);
#396=FACE_OUTER_BOUND('',#621,.T.);
#397=FACE_OUTER_BOUND('',#622,.T.);
#398=FACE_OUTER_BOUND('',#623,.T.);
#399=FACE_OUTER_BOUND('',#625,.T.);
#400=FACE_OUTER_BOUND('',#626,.T.);
#401=FACE_OUTER_BOUND('',#627,.T.);
#402=FACE_OUTER_BOUND('',#628,.T.);
#403=FACE_OUTER_BOUND('',#629,.T.);
#404=FACE_OUTER_BOUND('',#631,.T.);
#405=FACE_OUTER_BOUND('',#632,.T.);
#406=FACE_OUTER_BOUND('',#633,.T.);
#407=FACE_OUTER_BOUND('',#634,.T.);
#408=FACE_OUTER_BOUND('',#635,.T.);
#409=FACE_OUTER_BOUND('',#636,.T.);
#410=FACE_OUTER_BOUND('',#637,.T.);
#411=FACE_OUTER_BOUND('',#638,.T.);
#412=FACE_OUTER_BOUND('',#639,.T.);
#413=FACE_OUTER_BOUND('',#640,.T.);
#414=FACE_OUTER_BOUND('',#641,.T.);
#415=FACE_OUTER_BOUND('',#642,.T.);
#416=FACE_OUTER_BOUND('',#643,.T.);
#417=FACE_OUTER_BOUND('',#644,.T.);
#418=FACE_OUTER_BOUND('',#645,.T.);
#419=FACE_OUTER_BOUND('',#646,.T.);
#420=FACE_OUTER_BOUND('',#647,.T.);
#421=FACE_OUTER_BOUND('',#648,.T.);
#422=EDGE_LOOP('',(#2132,#2133,#2134,#2135));
#423=EDGE_LOOP('',(#2136,#2137,#2138,#2139));
#424=EDGE_LOOP('',(#2140,#2141,#2142,#2143));
#425=EDGE_LOOP('',(#2144,#2145,#2146,#2147));
#426=EDGE_LOOP('',(#2148,#2149,#2150,#2151));
#427=EDGE_LOOP('',(#2152,#2153,#2154,#2155));
#428=EDGE_LOOP('',(#2156,#2157,#2158,#2159));
#429=EDGE_LOOP('',(#2160,#2161,#2162,#2163));
#430=EDGE_LOOP('',(#2164,#2165,#2166,#2167));
#431=EDGE_LOOP('',(#2168,#2169,#2170,#2171));
#432=EDGE_LOOP('',(#2172,#2173,#2174,#2175));
#433=EDGE_LOOP('',(#2176,#2177,#2178,#2179));
#434=EDGE_LOOP('',(#2180,#2181,#2182,#2183));
#435=EDGE_LOOP('',(#2184,#2185,#2186,#2187,#2188,#2189,#2190,#2191));
#436=EDGE_LOOP('',(#2192,#2193,#2194,#2195));
#437=EDGE_LOOP('',(#2196,#2197,#2198,#2199));
#438=EDGE_LOOP('',(#2200,#2201,#2202,#2203));
#439=EDGE_LOOP('',(#2204,#2205,#2206,#2207));
#440=EDGE_LOOP('',(#2208,#2209,#2210,#2211));
#441=EDGE_LOOP('',(#2212,#2213,#2214,#2215));
#442=EDGE_LOOP('',(#2216,#2217,#2218,#2219));
#443=EDGE_LOOP('',(#2220,#2221,#2222,#2223));
#444=EDGE_LOOP('',(#2224,#2225,#2226,#2227));
#445=EDGE_LOOP('',(#2228,#2229,#2230,#2231));
#446=EDGE_LOOP('',(#2232,#2233,#2234,#2235));
#447=EDGE_LOOP('',(#2236,#2237,#2238,#2239,#2240,#2241,#2242,#2243));
#448=EDGE_LOOP('',(#2244,#2245,#2246,#2247,#2248,#2249,#2250,#2251,#2252,
#2253,#2254,#2255,#2256,#2257));
#449=EDGE_LOOP('',(#2258,#2259,#2260,#2261,#2262,#2263,#2264,#2265));
#450=EDGE_LOOP('',(#2266,#2267,#2268,#2269));
#451=EDGE_LOOP('',(#2270,#2271,#2272,#2273));
#452=EDGE_LOOP('',(#2274,#2275,#2276,#2277));
#453=EDGE_LOOP('',(#2278,#2279,#2280,#2281));
#454=EDGE_LOOP('',(#2282,#2283,#2284,#2285));
#455=EDGE_LOOP('',(#2286,#2287,#2288,#2289));
#456=EDGE_LOOP('',(#2290,#2291,#2292,#2293));
#457=EDGE_LOOP('',(#2294,#2295,#2296));
#458=EDGE_LOOP('',(#2297,#2298,#2299));
#459=EDGE_LOOP('',(#2300,#2301,#2302));
#460=EDGE_LOOP('',(#2303,#2304,#2305));
#461=EDGE_LOOP('',(#2306,#2307,#2308));
#462=EDGE_LOOP('',(#2309,#2310,#2311));
#463=EDGE_LOOP('',(#2312,#2313,#2314,#2315));
#464=EDGE_LOOP('',(#2316,#2317,#2318,#2319));
#465=EDGE_LOOP('',(#2320,#2321,#2322,#2323));
#466=EDGE_LOOP('',(#2324,#2325,#2326,#2327));
#467=EDGE_LOOP('',(#2328));
#468=EDGE_LOOP('',(#2329,#2330,#2331,#2332));
#469=EDGE_LOOP('',(#2333));
#470=EDGE_LOOP('',(#2334,#2335,#2336,#2337));
#471=EDGE_LOOP('',(#2338,#2339,#2340,#2341));
#472=EDGE_LOOP('',(#2342,#2343,#2344,#2345));
#473=EDGE_LOOP('',(#2346,#2347,#2348,#2349));
#474=EDGE_LOOP('',(#2350));
#475=EDGE_LOOP('',(#2351,#2352,#2353,#2354));
#476=EDGE_LOOP('',(#2355));
#477=EDGE_LOOP('',(#2356,#2357,#2358,#2359));
#478=EDGE_LOOP('',(#2360,#2361,#2362,#2363));
#479=EDGE_LOOP('',(#2364,#2365,#2366,#2367));
#480=EDGE_LOOP('',(#2368,#2369,#2370,#2371));
#481=EDGE_LOOP('',(#2372));
#482=EDGE_LOOP('',(#2373,#2374,#2375,#2376));
#483=EDGE_LOOP('',(#2377));
#484=EDGE_LOOP('',(#2378,#2379,#2380,#2381));
#485=EDGE_LOOP('',(#2382,#2383,#2384,#2385));
#486=EDGE_LOOP('',(#2386,#2387,#2388,#2389,#2390,#2391));
#487=EDGE_LOOP('',(#2392,#2393,#2394,#2395));
#488=EDGE_LOOP('',(#2396,#2397,#2398,#2399));
#489=EDGE_LOOP('',(#2400,#2401,#2402,#2403));
#490=EDGE_LOOP('',(#2404,#2405,#2406,#2407));
#491=EDGE_LOOP('',(#2408,#2409,#2410,#2411));
#492=EDGE_LOOP('',(#2412,#2413,#2414,#2415));
#493=EDGE_LOOP('',(#2416,#2417,#2418,#2419));
#494=EDGE_LOOP('',(#2420,#2421,#2422,#2423));
#495=EDGE_LOOP('',(#2424,#2425,#2426,#2427));
#496=EDGE_LOOP('',(#2428,#2429,#2430,#2431));
#497=EDGE_LOOP('',(#2432,#2433,#2434,#2435));
#498=EDGE_LOOP('',(#2436,#2437,#2438,#2439));
#499=EDGE_LOOP('',(#2440,#2441,#2442,#2443));
#500=EDGE_LOOP('',(#2444,#2445,#2446,#2447));
#501=EDGE_LOOP('',(#2448,#2449,#2450,#2451));
#502=EDGE_LOOP('',(#2452,#2453,#2454,#2455,#2456));
#503=EDGE_LOOP('',(#2457,#2458,#2459,#2460));
#504=EDGE_LOOP('',(#2461,#2462,#2463,#2464));
#505=EDGE_LOOP('',(#2465,#2466,#2467,#2468,#2469));
#506=EDGE_LOOP('',(#2470,#2471,#2472,#2473));
#507=EDGE_LOOP('',(#2474,#2475,#2476,#2477));
#508=EDGE_LOOP('',(#2478,#2479,#2480,#2481,#2482));
#509=EDGE_LOOP('',(#2483,#2484,#2485,#2486));
#510=EDGE_LOOP('',(#2487,#2488,#2489,#2490));
#511=EDGE_LOOP('',(#2491,#2492,#2493,#2494,#2495));
#512=EDGE_LOOP('',(#2496,#2497,#2498,#2499));
#513=EDGE_LOOP('',(#2500,#2501,#2502,#2503));
#514=EDGE_LOOP('',(#2504,#2505,#2506,#2507,#2508));
#515=EDGE_LOOP('',(#2509,#2510,#2511,#2512));
#516=EDGE_LOOP('',(#2513,#2514,#2515,#2516));
#517=EDGE_LOOP('',(#2517,#2518,#2519,#2520,#2521));
#518=EDGE_LOOP('',(#2522,#2523,#2524,#2525));
#519=EDGE_LOOP('',(#2526,#2527,#2528,#2529));
#520=EDGE_LOOP('',(#2530,#2531,#2532,#2533,#2534));
#521=EDGE_LOOP('',(#2535,#2536,#2537,#2538));
#522=EDGE_LOOP('',(#2539,#2540,#2541,#2542));
#523=EDGE_LOOP('',(#2543,#2544,#2545,#2546,#2547));
#524=EDGE_LOOP('',(#2548,#2549,#2550,#2551));
#525=EDGE_LOOP('',(#2552,#2553,#2554,#2555));
#526=EDGE_LOOP('',(#2556,#2557,#2558,#2559,#2560));
#527=EDGE_LOOP('',(#2561,#2562,#2563,#2564));
#528=EDGE_LOOP('',(#2565,#2566,#2567,#2568,#2569));
#529=EDGE_LOOP('',(#2570,#2571,#2572,#2573,#2574));
#530=EDGE_LOOP('',(#2575,#2576,#2577,#2578));
#531=EDGE_LOOP('',(#2579,#2580,#2581,#2582));
#532=EDGE_LOOP('',(#2583,#2584,#2585,#2586));
#533=EDGE_LOOP('',(#2587,#2588,#2589,#2590,#2591));
#534=EDGE_LOOP('',(#2592,#2593,#2594,#2595));
#535=EDGE_LOOP('',(#2596,#2597,#2598,#2599));
#536=EDGE_LOOP('',(#2600,#2601,#2602,#2603));
#537=EDGE_LOOP('',(#2604,#2605,#2606,#2607));
#538=EDGE_LOOP('',(#2608,#2609,#2610,#2611,#2612));
#539=EDGE_LOOP('',(#2613,#2614,#2615,#2616));
#540=EDGE_LOOP('',(#2617,#2618,#2619,#2620,#2621));
#541=EDGE_LOOP('',(#2622,#2623,#2624,#2625));
#542=EDGE_LOOP('',(#2626,#2627,#2628,#2629,#2630));
#543=EDGE_LOOP('',(#2631,#2632,#2633,#2634));
#544=EDGE_LOOP('',(#2635,#2636,#2637,#2638,#2639));
#545=EDGE_LOOP('',(#2640,#2641,#2642,#2643,#2644));
#546=EDGE_LOOP('',(#2645,#2646,#2647,#2648));
#547=EDGE_LOOP('',(#2649,#2650,#2651,#2652,#2653));
#548=EDGE_LOOP('',(#2654,#2655,#2656,#2657));
#549=EDGE_LOOP('',(#2658,#2659,#2660,#2661));
#550=EDGE_LOOP('',(#2662,#2663,#2664,#2665));
#551=EDGE_LOOP('',(#2666,#2667,#2668,#2669));
#552=EDGE_LOOP('',(#2670,#2671,#2672,#2673));
#553=EDGE_LOOP('',(#2674,#2675,#2676,#2677));
#554=EDGE_LOOP('',(#2678,#2679,#2680,#2681));
#555=EDGE_LOOP('',(#2682,#2683,#2684,#2685));
#556=EDGE_LOOP('',(#2686,#2687,#2688,#2689));
#557=EDGE_LOOP('',(#2690,#2691,#2692,#2693));
#558=EDGE_LOOP('',(#2694,#2695,#2696,#2697));
#559=EDGE_LOOP('',(#2698,#2699,#2700,#2701));
#560=EDGE_LOOP('',(#2702,#2703,#2704,#2705,#2706,#2707,#2708,#2709));
#561=EDGE_LOOP('',(#2710,#2711,#2712,#2713));
#562=EDGE_LOOP('',(#2714,#2715,#2716,#2717));
#563=EDGE_LOOP('',(#2718,#2719,#2720,#2721));
#564=EDGE_LOOP('',(#2722,#2723,#2724,#2725));
#565=EDGE_LOOP('',(#2726,#2727,#2728,#2729));
#566=EDGE_LOOP('',(#2730,#2731,#2732,#2733));
#567=EDGE_LOOP('',(#2734,#2735,#2736,#2737));
#568=EDGE_LOOP('',(#2738,#2739,#2740,#2741));
#569=EDGE_LOOP('',(#2742,#2743,#2744,#2745));
#570=EDGE_LOOP('',(#2746,#2747,#2748,#2749));
#571=EDGE_LOOP('',(#2750,#2751,#2752,#2753));
#572=EDGE_LOOP('',(#2754,#2755,#2756,#2757));
#573=EDGE_LOOP('',(#2758,#2759,#2760,#2761));
#574=EDGE_LOOP('',(#2762,#2763,#2764,#2765,#2766,#2767,#2768,#2769,#2770,
#2771,#2772,#2773,#2774,#2775));
#575=EDGE_LOOP('',(#2776,#2777,#2778,#2779,#2780,#2781,#2782,#2783));
#576=EDGE_LOOP('',(#2784,#2785,#2786,#2787));
#577=EDGE_LOOP('',(#2788,#2789,#2790,#2791));
#578=EDGE_LOOP('',(#2792,#2793,#2794,#2795));
#579=EDGE_LOOP('',(#2796,#2797,#2798,#2799));
#580=EDGE_LOOP('',(#2800,#2801,#2802,#2803));
#581=EDGE_LOOP('',(#2804,#2805,#2806,#2807));
#582=EDGE_LOOP('',(#2808,#2809,#2810,#2811));
#583=EDGE_LOOP('',(#2812,#2813,#2814,#2815));
#584=EDGE_LOOP('',(#2816,#2817,#2818,#2819));
#585=EDGE_LOOP('',(#2820,#2821,#2822,#2823));
#586=EDGE_LOOP('',(#2824,#2825,#2826,#2827));
#587=EDGE_LOOP('',(#2828,#2829,#2830,#2831));
#588=EDGE_LOOP('',(#2832,#2833,#2834,#2835));
#589=EDGE_LOOP('',(#2836,#2837,#2838));
#590=EDGE_LOOP('',(#2839,#2840,#2841));
#591=EDGE_LOOP('',(#2842,#2843,#2844));
#592=EDGE_LOOP('',(#2845,#2846,#2847));
#593=EDGE_LOOP('',(#2848,#2849,#2850,#2851));
#594=EDGE_LOOP('',(#2852,#2853,#2854,#2855));
#595=EDGE_LOOP('',(#2856,#2857,#2858,#2859));
#596=EDGE_LOOP('',(#2860,#2861,#2862,#2863));
#597=EDGE_LOOP('',(#2864,#2865,#2866,#2867));
#598=EDGE_LOOP('',(#2868));
#599=EDGE_LOOP('',(#2869,#2870,#2871,#2872));
#600=EDGE_LOOP('',(#2873,#2874,#2875,#2876));
#601=EDGE_LOOP('',(#2877,#2878,#2879,#2880));
#602=EDGE_LOOP('',(#2881,#2882,#2883,#2884));
#603=EDGE_LOOP('',(#2885,#2886,#2887,#2888));
#604=EDGE_LOOP('',(#2889));
#605=EDGE_LOOP('',(#2890,#2891,#2892,#2893));
#606=EDGE_LOOP('',(#2894,#2895,#2896,#2897));
#607=EDGE_LOOP('',(#2898,#2899,#2900,#2901));
#608=EDGE_LOOP('',(#2902,#2903,#2904,#2905));
#609=EDGE_LOOP('',(#2906,#2907,#2908,#2909));
#610=EDGE_LOOP('',(#2910));
#611=EDGE_LOOP('',(#2911,#2912,#2913,#2914));
#612=EDGE_LOOP('',(#2915,#2916,#2917,#2918));
#613=EDGE_LOOP('',(#2919,#2920,#2921,#2922));
#614=EDGE_LOOP('',(#2923,#2924,#2925,#2926));
#615=EDGE_LOOP('',(#2927,#2928,#2929,#2930));
#616=EDGE_LOOP('',(#2931));
#617=EDGE_LOOP('',(#2932,#2933,#2934));
#618=EDGE_LOOP('',(#2935,#2936,#2937));
#619=EDGE_LOOP('',(#2938,#2939,#2940,#2941));
#620=EDGE_LOOP('',(#2942,#2943,#2944,#2945));
#621=EDGE_LOOP('',(#2946,#2947,#2948,#2949));
#622=EDGE_LOOP('',(#2950,#2951,#2952,#2953));
#623=EDGE_LOOP('',(#2954,#2955,#2956,#2957));
#624=EDGE_LOOP('',(#2958));
#625=EDGE_LOOP('',(#2959,#2960,#2961,#2962));
#626=EDGE_LOOP('',(#2963,#2964,#2965,#2966));
#627=EDGE_LOOP('',(#2967,#2968,#2969,#2970));
#628=EDGE_LOOP('',(#2971,#2972,#2973,#2974));
#629=EDGE_LOOP('',(#2975,#2976,#2977,#2978));
#630=EDGE_LOOP('',(#2979));
#631=EDGE_LOOP('',(#2980,#2981,#2982,#2983));
#632=EDGE_LOOP('',(#2984,#2985,#2986,#2987,#2988,#2989));
#633=EDGE_LOOP('',(#2990,#2991,#2992,#2993));
#634=EDGE_LOOP('',(#2994,#2995,#2996,#2997));
#635=EDGE_LOOP('',(#2998,#2999,#3000,#3001));
#636=EDGE_LOOP('',(#3002,#3003,#3004,#3005,#3006,#3007,#3008,#3009));
#637=EDGE_LOOP('',(#3010,#3011,#3012,#3013));
#638=EDGE_LOOP('',(#3014,#3015,#3016,#3017));
#639=EDGE_LOOP('',(#3018,#3019,#3020,#3021));
#640=EDGE_LOOP('',(#3022,#3023,#3024,#3025));
#641=EDGE_LOOP('',(#3026,#3027,#3028,#3029));
#642=EDGE_LOOP('',(#3030,#3031,#3032,#3033));
#643=EDGE_LOOP('',(#3034,#3035,#3036,#3037,#3038,#3039,#3040,#3041));
#644=EDGE_LOOP('',(#3042,#3043,#3044,#3045));
#645=EDGE_LOOP('',(#3046,#3047,#3048,#3049));
#646=EDGE_LOOP('',(#3050,#3051,#3052,#3053));
#647=EDGE_LOOP('',(#3054,#3055,#3056,#3057));
#648=EDGE_LOOP('',(#3058,#3059,#3060,#3061,#3062,#3063,#3064,#3065));
#649=LINE('',#4684,#1000);
#650=LINE('',#4686,#1001);
#651=LINE('',#4688,#1002);
#652=LINE('',#4689,#1003);
#653=LINE('',#4694,#1004);
#654=LINE('',#4699,#1005);
#655=LINE('',#4700,#1006);
#656=LINE('',#4701,#1007);
#657=LINE('',#4706,#1008);
#658=LINE('',#4711,#1009);
#659=LINE('',#4712,#1010);
#660=LINE('',#4713,#1011);
#661=LINE('',#4718,#1012);
#662=LINE('',#4723,#1013);
#663=LINE('',#4724,#1014);
#664=LINE('',#4725,#1015);
#665=LINE('',#4731,#1016);
#666=LINE('',#4734,#1017);
#667=LINE('',#4737,#1018);
#668=LINE('',#4738,#1019);
#669=LINE('',#4741,#1020);
#670=LINE('',#4745,#1021);
#671=LINE('',#4746,#1022);
#672=LINE('',#4749,#1023);
#673=LINE('',#4751,#1024);
#674=LINE('',#4753,#1025);
#675=LINE('',#4754,#1026);
#676=LINE('',#4758,#1027);
#677=LINE('',#4760,#1028);
#678=LINE('',#4762,#1029);
#679=LINE('',#4763,#1030);
#680=LINE('',#4766,#1031);
#681=LINE('',#4768,#1032);
#682=LINE('',#4770,#1033);
#683=LINE('',#4771,#1034);
#684=LINE('',#4774,#1035);
#685=LINE('',#4776,#1036);
#686=LINE('',#4778,#1037);
#687=LINE('',#4779,#1038);
#688=LINE('',#4782,#1039);
#689=LINE('',#4784,#1040);
#690=LINE('',#4786,#1041);
#691=LINE('',#4787,#1042);
#692=LINE('',#4790,#1043);
#693=LINE('',#4792,#1044);
#694=LINE('',#4794,#1045);
#695=LINE('',#4795,#1046);
#696=LINE('',#4798,#1047);
#697=LINE('',#4800,#1048);
#698=LINE('',#4802,#1049);
#699=LINE('',#4803,#1050);
#700=LINE('',#4806,#1051);
#701=LINE('',#4808,#1052);
#702=LINE('',#4810,#1053);
#703=LINE('',#4811,#1054);
#704=LINE('',#4814,#1055);
#705=LINE('',#4816,#1056);
#706=LINE('',#4818,#1057);
#707=LINE('',#4819,#1058);
#708=LINE('',#4822,#1059);
#709=LINE('',#4824,#1060);
#710=LINE('',#4826,#1061);
#711=LINE('',#4827,#1062);
#712=LINE('',#4830,#1063);
#713=LINE('',#4832,#1064);
#714=LINE('',#4834,#1065);
#715=LINE('',#4835,#1066);
#716=LINE('',#4841,#1067);
#717=LINE('',#4844,#1068);
#718=LINE('',#4847,#1069);
#719=LINE('',#4849,#1070);
#720=LINE('',#4851,#1071);
#721=LINE('',#4853,#1072);
#722=LINE('',#4855,#1073);
#723=LINE('',#4857,#1074);
#724=LINE('',#4858,#1075);
#725=LINE('',#4861,#1076);
#726=LINE('',#4865,#1077);
#727=LINE('',#4869,#1078);
#728=LINE('',#4876,#1079);
#729=LINE('',#4883,#1080);
#730=LINE('',#4886,#1081);
#731=LINE('',#4889,#1082);
#732=LINE('',#4892,#1083);
#733=LINE('',#4895,#1084);
#734=LINE('',#4896,#1085);
#735=LINE('',#4899,#1086);
#736=LINE('',#4901,#1087);
#737=LINE('',#4903,#1088);
#738=LINE('',#4904,#1089);
#739=LINE('',#4907,#1090);
#740=LINE('',#4909,#1091);
#741=LINE('',#4911,#1092);
#742=LINE('',#4912,#1093);
#743=LINE('',#4915,#1094);
#744=LINE('',#4917,#1095);
#745=LINE('',#4919,#1096);
#746=LINE('',#4920,#1097);
#747=LINE('',#4924,#1098);
#748=LINE('',#4927,#1099);
#749=LINE('',#4961,#1100);
#750=LINE('',#4963,#1101);
#751=LINE('',#4964,#1102);
#752=LINE('',#4970,#1103);
#753=LINE('',#4972,#1104);
#754=LINE('',#4973,#1105);
#755=LINE('',#4978,#1106);
#756=LINE('',#4980,#1107);
#757=LINE('',#4981,#1108);
#758=LINE('',#4987,#1109);
#759=LINE('',#4989,#1110);
#760=LINE('',#4990,#1111);
#761=LINE('',#4995,#1112);
#762=LINE('',#4997,#1113);
#763=LINE('',#4998,#1114);
#764=LINE('',#5004,#1115);
#765=LINE('',#5006,#1116);
#766=LINE('',#5007,#1117);
#767=LINE('',#5013,#1118);
#768=LINE('',#5016,#1119);
#769=LINE('',#5020,#1120);
#770=LINE('',#5025,#1121);
#771=LINE('',#5026,#1122);
#772=LINE('',#5031,#1123);
#773=LINE('',#5033,#1124);
#774=LINE('',#5034,#1125);
#775=LINE('',#5037,#1126);
#776=LINE('',#5039,#1127);
#777=LINE('',#5040,#1128);
#778=LINE('',#5042,#1129);
#779=LINE('',#5043,#1130);
#780=LINE('',#5047,#1131);
#781=LINE('',#5048,#1132);
#782=LINE('',#5050,#1133);
#783=LINE('',#5054,#1134);
#784=LINE('',#5056,#1135);
#785=LINE('',#5062,#1136);
#786=LINE('',#5065,#1137);
#787=LINE('',#5067,#1138);
#788=LINE('',#5069,#1139);
#789=LINE('',#5070,#1140);
#790=LINE('',#5072,#1141);
#791=LINE('',#5078,#1142);
#792=LINE('',#5081,#1143);
#793=LINE('',#5083,#1144);
#794=LINE('',#5085,#1145);
#795=LINE('',#5086,#1146);
#796=LINE('',#5088,#1147);
#797=LINE('',#5094,#1148);
#798=LINE('',#5097,#1149);
#799=LINE('',#5099,#1150);
#800=LINE('',#5101,#1151);
#801=LINE('',#5102,#1152);
#802=LINE('',#5104,#1153);
#803=LINE('',#5110,#1154);
#804=LINE('',#5113,#1155);
#805=LINE('',#5115,#1156);
#806=LINE('',#5117,#1157);
#807=LINE('',#5118,#1158);
#808=LINE('',#5120,#1159);
#809=LINE('',#5126,#1160);
#810=LINE('',#5129,#1161);
#811=LINE('',#5131,#1162);
#812=LINE('',#5133,#1163);
#813=LINE('',#5134,#1164);
#814=LINE('',#5136,#1165);
#815=LINE('',#5142,#1166);
#816=LINE('',#5145,#1167);
#817=LINE('',#5148,#1168);
#818=LINE('',#5149,#1169);
#819=LINE('',#5150,#1170);
#820=LINE('',#5153,#1171);
#821=LINE('',#5154,#1172);
#822=LINE('',#5160,#1173);
#823=LINE('',#5163,#1174);
#824=LINE('',#5165,#1175);
#825=LINE('',#5167,#1176);
#826=LINE('',#5168,#1177);
#827=LINE('',#5170,#1178);
#828=LINE('',#5176,#1179);
#829=LINE('',#5179,#1180);
#830=LINE('',#5181,#1181);
#831=LINE('',#5183,#1182);
#832=LINE('',#5184,#1183);
#833=LINE('',#5186,#1184);
#834=LINE('',#5192,#1185);
#835=LINE('',#5195,#1186);
#836=LINE('',#5197,#1187);
#837=LINE('',#5199,#1188);
#838=LINE('',#5200,#1189);
#839=LINE('',#5202,#1190);
#840=LINE('',#5205,#1191);
#841=LINE('',#5206,#1192);
#842=LINE('',#5209,#1193);
#843=LINE('',#5210,#1194);
#844=LINE('',#5213,#1195);
#845=LINE('',#5215,#1196);
#846=LINE('',#5216,#1197);
#847=LINE('',#5219,#1198);
#848=LINE('',#5220,#1199);
#849=LINE('',#5223,#1200);
#850=LINE('',#5224,#1201);
#851=LINE('',#5226,#1202);
#852=LINE('',#5228,#1203);
#853=LINE('',#5231,#1204);
#854=LINE('',#5232,#1205);
#855=LINE('',#5234,#1206);
#856=LINE('',#5236,#1207);
#857=LINE('',#5238,#1208);
#858=LINE('',#5241,#1209);
#859=LINE('',#5242,#1210);
#860=LINE('',#5244,#1211);
#861=LINE('',#5247,#1212);
#862=LINE('',#5248,#1213);
#863=LINE('',#5250,#1214);
#864=LINE('',#5253,#1215);
#865=LINE('',#5254,#1216);
#866=LINE('',#5256,#1217);
#867=LINE('',#5258,#1218);
#868=LINE('',#5261,#1219);
#869=LINE('',#5262,#1220);
#870=LINE('',#5265,#1221);
#871=LINE('',#5266,#1222);
#872=LINE('',#5268,#1223);
#873=LINE('',#5276,#1224);
#874=LINE('',#5285,#1225);
#875=LINE('',#5287,#1226);
#876=LINE('',#5289,#1227);
#877=LINE('',#5290,#1228);
#878=LINE('',#5294,#1229);
#879=LINE('',#5300,#1230);
#880=LINE('',#5301,#1231);
#881=LINE('',#5302,#1232);
#882=LINE('',#5306,#1233);
#883=LINE('',#5312,#1234);
#884=LINE('',#5313,#1235);
#885=LINE('',#5314,#1236);
#886=LINE('',#5318,#1237);
#887=LINE('',#5324,#1238);
#888=LINE('',#5325,#1239);
#889=LINE('',#5326,#1240);
#890=LINE('',#5332,#1241);
#891=LINE('',#5335,#1242);
#892=LINE('',#5338,#1243);
#893=LINE('',#5339,#1244);
#894=LINE('',#5342,#1245);
#895=LINE('',#5346,#1246);
#896=LINE('',#5347,#1247);
#897=LINE('',#5350,#1248);
#898=LINE('',#5352,#1249);
#899=LINE('',#5354,#1250);
#900=LINE('',#5355,#1251);
#901=LINE('',#5361,#1252);
#902=LINE('',#5367,#1253);
#903=LINE('',#5373,#1254);
#904=LINE('',#5377,#1255);
#905=LINE('',#5381,#1256);
#906=LINE('',#5384,#1257);
#907=LINE('',#5389,#1258);
#908=LINE('',#5390,#1259);
#909=LINE('',#5393,#1260);
#910=LINE('',#5394,#1261);
#911=LINE('',#5398,#1262);
#912=LINE('',#5401,#1263);
#913=LINE('',#5402,#1264);
#914=LINE('',#5405,#1265);
#915=LINE('',#5407,#1266);
#916=LINE('',#5409,#1267);
#917=LINE('',#5410,#1268);
#918=LINE('',#5413,#1269);
#919=LINE('',#5415,#1270);
#920=LINE('',#5417,#1271);
#921=LINE('',#5418,#1272);
#922=LINE('',#5421,#1273);
#923=LINE('',#5423,#1274);
#924=LINE('',#5425,#1275);
#925=LINE('',#5426,#1276);
#926=LINE('',#5429,#1277);
#927=LINE('',#5431,#1278);
#928=LINE('',#5433,#1279);
#929=LINE('',#5434,#1280);
#930=LINE('',#5437,#1281);
#931=LINE('',#5439,#1282);
#932=LINE('',#5441,#1283);
#933=LINE('',#5442,#1284);
#934=LINE('',#5445,#1285);
#935=LINE('',#5447,#1286);
#936=LINE('',#5449,#1287);
#937=LINE('',#5450,#1288);
#938=LINE('',#5455,#1289);
#939=LINE('',#5456,#1290);
#940=LINE('',#5459,#1291);
#941=LINE('',#5460,#1292);
#942=LINE('',#5488,#1293);
#943=LINE('',#5491,#1294);
#944=LINE('',#5493,#1295);
#945=LINE('',#5494,#1296);
#946=LINE('',#5496,#1297);
#947=LINE('',#5497,#1298);
#948=LINE('',#5505,#1299);
#949=LINE('',#5508,#1300);
#950=LINE('',#5510,#1301);
#951=LINE('',#5511,#1302);
#952=LINE('',#5513,#1303);
#953=LINE('',#5514,#1304);
#954=LINE('',#5522,#1305);
#955=LINE('',#5525,#1306);
#956=LINE('',#5527,#1307);
#957=LINE('',#5528,#1308);
#958=LINE('',#5530,#1309);
#959=LINE('',#5531,#1310);
#960=LINE('',#5539,#1311);
#961=LINE('',#5542,#1312);
#962=LINE('',#5544,#1313);
#963=LINE('',#5545,#1314);
#964=LINE('',#5547,#1315);
#965=LINE('',#5548,#1316);
#966=LINE('',#5566,#1317);
#967=LINE('',#5569,#1318);
#968=LINE('',#5571,#1319);
#969=LINE('',#5572,#1320);
#970=LINE('',#5574,#1321);
#971=LINE('',#5575,#1322);
#972=LINE('',#5583,#1323);
#973=LINE('',#5586,#1324);
#974=LINE('',#5588,#1325);
#975=LINE('',#5589,#1326);
#976=LINE('',#5591,#1327);
#977=LINE('',#5592,#1328);
#978=LINE('',#5599,#1329);
#979=LINE('',#5600,#1330);
#980=LINE('',#5605,#1331);
#981=LINE('',#5610,#1332);
#982=LINE('',#5612,#1333);
#983=LINE('',#5614,#1334);
#984=LINE('',#5615,#1335);
#985=LINE('',#5617,#1336);
#986=LINE('',#5619,#1337);
#987=LINE('',#5623,#1338);
#988=LINE('',#5625,#1339);
#989=LINE('',#5626,#1340);
#990=LINE('',#5629,#1341);
#991=LINE('',#5630,#1342);
#992=LINE('',#5633,#1343);
#993=LINE('',#5634,#1344);
#994=LINE('',#5636,#1345);
#995=LINE('',#5642,#1346);
#996=LINE('',#5645,#1347);
#997=LINE('',#5647,#1348);
#998=LINE('',#5649,#1349);
#999=LINE('',#5651,#1350);
#1000=VECTOR('',#3715,10.);
#1001=VECTOR('',#3716,10.);
#1002=VECTOR('',#3717,10.);
#1003=VECTOR('',#3718,10.);
#1004=VECTOR('',#3723,10.);
#1005=VECTOR('',#3728,10.);
#1006=VECTOR('',#3729,10.);
#1007=VECTOR('',#3730,10.);
#1008=VECTOR('',#3735,10.);
#1009=VECTOR('',#3740,10.);
#1010=VECTOR('',#3741,10.);
#1011=VECTOR('',#3742,10.);
#1012=VECTOR('',#3747,10.);
#1013=VECTOR('',#3752,10.);
#1014=VECTOR('',#3753,10.);
#1015=VECTOR('',#3754,10.);
#1016=VECTOR('',#3763,10.);
#1017=VECTOR('',#3766,10.);
#1018=VECTOR('',#3769,10.);
#1019=VECTOR('',#3770,10.);
#1020=VECTOR('',#3773,10.);
#1021=VECTOR('',#3778,10.);
#1022=VECTOR('',#3779,10.);
#1023=VECTOR('',#3780,10.);
#1024=VECTOR('',#3781,10.);
#1025=VECTOR('',#3782,10.);
#1026=VECTOR('',#3783,10.);
#1027=VECTOR('',#3786,10.);
#1028=VECTOR('',#3787,10.);
#1029=VECTOR('',#3788,10.);
#1030=VECTOR('',#3789,10.);
#1031=VECTOR('',#3790,10.);
#1032=VECTOR('',#3791,10.);
#1033=VECTOR('',#3792,10.);
#1034=VECTOR('',#3793,10.);
#1035=VECTOR('',#3794,10.);
#1036=VECTOR('',#3795,10.);
#1037=VECTOR('',#3796,10.);
#1038=VECTOR('',#3797,10.);
#1039=VECTOR('',#3798,10.);
#1040=VECTOR('',#3799,10.);
#1041=VECTOR('',#3800,10.);
#1042=VECTOR('',#3801,10.);
#1043=VECTOR('',#3802,10.);
#1044=VECTOR('',#3803,10.);
#1045=VECTOR('',#3804,10.);
#1046=VECTOR('',#3805,10.);
#1047=VECTOR('',#3806,10.);
#1048=VECTOR('',#3807,10.);
#1049=VECTOR('',#3808,10.);
#1050=VECTOR('',#3809,10.);
#1051=VECTOR('',#3810,10.);
#1052=VECTOR('',#3811,10.);
#1053=VECTOR('',#3812,10.);
#1054=VECTOR('',#3813,10.);
#1055=VECTOR('',#3814,10.);
#1056=VECTOR('',#3815,10.);
#1057=VECTOR('',#3816,10.);
#1058=VECTOR('',#3817,10.);
#1059=VECTOR('',#3818,10.);
#1060=VECTOR('',#3819,10.);
#1061=VECTOR('',#3820,10.);
#1062=VECTOR('',#3821,10.);
#1063=VECTOR('',#3822,10.);
#1064=VECTOR('',#3823,10.);
#1065=VECTOR('',#3824,10.);
#1066=VECTOR('',#3825,10.);
#1067=VECTOR('',#3830,10.);
#1068=VECTOR('',#3833,10.);
#1069=VECTOR('',#3836,10.);
#1070=VECTOR('',#3837,10.);
#1071=VECTOR('',#3838,10.);
#1072=VECTOR('',#3839,10.);
#1073=VECTOR('',#3840,10.);
#1074=VECTOR('',#3841,10.);
#1075=VECTOR('',#3842,10.);
#1076=VECTOR('',#3845,10.);
#1077=VECTOR('',#3848,10.);
#1078=VECTOR('',#3851,10.);
#1079=VECTOR('',#3858,10.);
#1080=VECTOR('',#3865,10.);
#1081=VECTOR('',#3868,10.);
#1082=VECTOR('',#3871,10.);
#1083=VECTOR('',#3874,10.);
#1084=VECTOR('',#3877,10.);
#1085=VECTOR('',#3878,10.);
#1086=VECTOR('',#3879,10.);
#1087=VECTOR('',#3880,10.);
#1088=VECTOR('',#3881,10.);
#1089=VECTOR('',#3882,10.);
#1090=VECTOR('',#3883,10.);
#1091=VECTOR('',#3884,10.);
#1092=VECTOR('',#3885,10.);
#1093=VECTOR('',#3886,10.);
#1094=VECTOR('',#3887,10.);
#1095=VECTOR('',#3888,10.);
#1096=VECTOR('',#3889,10.);
#1097=VECTOR('',#3890,10.);
#1098=VECTOR('',#3895,10.);
#1099=VECTOR('',#3898,10.);
#1100=VECTOR('',#3939,10.);
#1101=VECTOR('',#3940,10.);
#1102=VECTOR('',#3941,10.);
#1103=VECTOR('',#3948,10.);
#1104=VECTOR('',#3951,10.);
#1105=VECTOR('',#3952,10.);
#1106=VECTOR('',#3959,10.);
#1107=VECTOR('',#3960,10.);
#1108=VECTOR('',#3961,10.);
#1109=VECTOR('',#3968,10.);
#1110=VECTOR('',#3971,10.);
#1111=VECTOR('',#3972,10.);
#1112=VECTOR('',#3979,10.);
#1113=VECTOR('',#3980,10.);
#1114=VECTOR('',#3981,10.);
#1115=VECTOR('',#3988,10.);
#1116=VECTOR('',#3991,10.);
#1117=VECTOR('',#3992,10.);
#1118=VECTOR('',#4001,10.);
#1119=VECTOR('',#4004,10.);
#1120=VECTOR('',#4009,10.);
#1121=VECTOR('',#4016,10.);
#1122=VECTOR('',#4017,10.);
#1123=VECTOR('',#4024,10.);
#1124=VECTOR('',#4025,10.);
#1125=VECTOR('',#4026,10.);
#1126=VECTOR('',#4029,10.);
#1127=VECTOR('',#4030,10.);
#1128=VECTOR('',#4031,10.);
#1129=VECTOR('',#4034,10.);
#1130=VECTOR('',#4035,10.);
#1131=VECTOR('',#4042,10.);
#1132=VECTOR('',#4043,10.);
#1133=VECTOR('',#4046,10.);
#1134=VECTOR('',#4053,10.);
#1135=VECTOR('',#4056,10.);
#1136=VECTOR('',#4061,10.);
#1137=VECTOR('',#4064,10.);
#1138=VECTOR('',#4067,10.);
#1139=VECTOR('',#4068,10.);
#1140=VECTOR('',#4069,10.);
#1141=VECTOR('',#4072,10.);
#1142=VECTOR('',#4077,10.);
#1143=VECTOR('',#4080,10.);
#1144=VECTOR('',#4083,10.);
#1145=VECTOR('',#4084,10.);
#1146=VECTOR('',#4085,10.);
#1147=VECTOR('',#4088,10.);
#1148=VECTOR('',#4093,10.);
#1149=VECTOR('',#4096,10.);
#1150=VECTOR('',#4099,10.);
#1151=VECTOR('',#4100,10.);
#1152=VECTOR('',#4101,10.);
#1153=VECTOR('',#4104,10.);
#1154=VECTOR('',#4109,10.);
#1155=VECTOR('',#4112,10.);
#1156=VECTOR('',#4115,10.);
#1157=VECTOR('',#4116,10.);
#1158=VECTOR('',#4117,10.);
#1159=VECTOR('',#4120,10.);
#1160=VECTOR('',#4125,10.);
#1161=VECTOR('',#4128,10.);
#1162=VECTOR('',#4131,10.);
#1163=VECTOR('',#4132,10.);
#1164=VECTOR('',#4133,10.);
#1165=VECTOR('',#4136,10.);
#1166=VECTOR('',#4141,10.);
#1167=VECTOR('',#4144,10.);
#1168=VECTOR('',#4147,10.);
#1169=VECTOR('',#4148,10.);
#1170=VECTOR('',#4149,10.);
#1171=VECTOR('',#4152,10.);
#1172=VECTOR('',#4153,10.);
#1173=VECTOR('',#4158,10.);
#1174=VECTOR('',#4161,10.);
#1175=VECTOR('',#4164,10.);
#1176=VECTOR('',#4165,10.);
#1177=VECTOR('',#4166,10.);
#1178=VECTOR('',#4169,10.);
#1179=VECTOR('',#4174,10.);
#1180=VECTOR('',#4177,10.);
#1181=VECTOR('',#4180,10.);
#1182=VECTOR('',#4181,10.);
#1183=VECTOR('',#4182,10.);
#1184=VECTOR('',#4185,10.);
#1185=VECTOR('',#4190,10.);
#1186=VECTOR('',#4193,10.);
#1187=VECTOR('',#4196,10.);
#1188=VECTOR('',#4197,10.);
#1189=VECTOR('',#4198,10.);
#1190=VECTOR('',#4201,10.);
#1191=VECTOR('',#4204,10.);
#1192=VECTOR('',#4205,10.);
#1193=VECTOR('',#4208,10.);
#1194=VECTOR('',#4209,10.);
#1195=VECTOR('',#4212,10.);
#1196=VECTOR('',#4213,10.);
#1197=VECTOR('',#4214,10.);
#1198=VECTOR('',#4217,10.);
#1199=VECTOR('',#4218,10.);
#1200=VECTOR('',#4221,10.);
#1201=VECTOR('',#4222,10.);
#1202=VECTOR('',#4225,10.);
#1203=VECTOR('',#4228,10.);
#1204=VECTOR('',#4231,10.);
#1205=VECTOR('',#4232,10.);
#1206=VECTOR('',#4235,10.);
#1207=VECTOR('',#4238,10.);
#1208=VECTOR('',#4241,10.);
#1209=VECTOR('',#4244,10.);
#1210=VECTOR('',#4245,10.);
#1211=VECTOR('',#4248,10.);
#1212=VECTOR('',#4251,10.);
#1213=VECTOR('',#4252,10.);
#1214=VECTOR('',#4255,10.);
#1215=VECTOR('',#4258,10.);
#1216=VECTOR('',#4259,10.);
#1217=VECTOR('',#4262,10.);
#1218=VECTOR('',#4265,10.);
#1219=VECTOR('',#4268,10.);
#1220=VECTOR('',#4269,10.);
#1221=VECTOR('',#4272,10.);
#1222=VECTOR('',#4273,10.);
#1223=VECTOR('',#4276,10.);
#1224=VECTOR('',#4291,10.);
#1225=VECTOR('',#4304,10.);
#1226=VECTOR('',#4305,10.);
#1227=VECTOR('',#4306,10.);
#1228=VECTOR('',#4307,10.);
#1229=VECTOR('',#4310,10.);
#1230=VECTOR('',#4317,10.);
#1231=VECTOR('',#4318,10.);
#1232=VECTOR('',#4319,10.);
#1233=VECTOR('',#4322,10.);
#1234=VECTOR('',#4329,10.);
#1235=VECTOR('',#4330,10.);
#1236=VECTOR('',#4331,10.);
#1237=VECTOR('',#4334,10.);
#1238=VECTOR('',#4341,10.);
#1239=VECTOR('',#4342,10.);
#1240=VECTOR('',#4343,10.);
#1241=VECTOR('',#4352,10.);
#1242=VECTOR('',#4355,10.);
#1243=VECTOR('',#4358,10.);
#1244=VECTOR('',#4359,10.);
#1245=VECTOR('',#4362,10.);
#1246=VECTOR('',#4367,10.);
#1247=VECTOR('',#4368,10.);
#1248=VECTOR('',#4369,10.);
#1249=VECTOR('',#4370,10.);
#1250=VECTOR('',#4371,10.);
#1251=VECTOR('',#4372,10.);
#1252=VECTOR('',#4377,10.);
#1253=VECTOR('',#4382,10.);
#1254=VECTOR('',#4387,10.);
#1255=VECTOR('',#4390,10.);
#1256=VECTOR('',#4393,10.);
#1257=VECTOR('',#4396,10.);
#1258=VECTOR('',#4401,10.);
#1259=VECTOR('',#4402,10.);
#1260=VECTOR('',#4405,10.);
#1261=VECTOR('',#4406,10.);
#1262=VECTOR('',#4411,10.);
#1263=VECTOR('',#4414,10.);
#1264=VECTOR('',#4415,10.);
#1265=VECTOR('',#4416,10.);
#1266=VECTOR('',#4417,10.);
#1267=VECTOR('',#4418,10.);
#1268=VECTOR('',#4419,10.);
#1269=VECTOR('',#4420,10.);
#1270=VECTOR('',#4421,10.);
#1271=VECTOR('',#4422,10.);
#1272=VECTOR('',#4423,10.);
#1273=VECTOR('',#4424,10.);
#1274=VECTOR('',#4425,10.);
#1275=VECTOR('',#4426,10.);
#1276=VECTOR('',#4427,10.);
#1277=VECTOR('',#4428,10.);
#1278=VECTOR('',#4429,10.);
#1279=VECTOR('',#4430,10.);
#1280=VECTOR('',#4431,10.);
#1281=VECTOR('',#4432,10.);
#1282=VECTOR('',#4433,10.);
#1283=VECTOR('',#4434,10.);
#1284=VECTOR('',#4435,10.);
#1285=VECTOR('',#4436,10.);
#1286=VECTOR('',#4437,10.);
#1287=VECTOR('',#4438,10.);
#1288=VECTOR('',#4439,10.);
#1289=VECTOR('',#4444,10.);
#1290=VECTOR('',#4445,10.);
#1291=VECTOR('',#4448,10.);
#1292=VECTOR('',#4449,10.);
#1293=VECTOR('',#4482,10.);
#1294=VECTOR('',#4485,10.);
#1295=VECTOR('',#4488,10.);
#1296=VECTOR('',#4489,10.);
#1297=VECTOR('',#4492,10.);
#1298=VECTOR('',#4493,10.);
#1299=VECTOR('',#4502,10.);
#1300=VECTOR('',#4505,10.);
#1301=VECTOR('',#4508,10.);
#1302=VECTOR('',#4509,10.);
#1303=VECTOR('',#4512,10.);
#1304=VECTOR('',#4513,10.);
#1305=VECTOR('',#4522,10.);
#1306=VECTOR('',#4525,10.);
#1307=VECTOR('',#4528,10.);
#1308=VECTOR('',#4529,10.);
#1309=VECTOR('',#4532,10.);
#1310=VECTOR('',#4533,10.);
#1311=VECTOR('',#4542,10.);
#1312=VECTOR('',#4545,10.);
#1313=VECTOR('',#4548,10.);
#1314=VECTOR('',#4549,10.);
#1315=VECTOR('',#4552,10.);
#1316=VECTOR('',#4553,10.);
#1317=VECTOR('',#4574,10.);
#1318=VECTOR('',#4577,10.);
#1319=VECTOR('',#4580,10.);
#1320=VECTOR('',#4581,10.);
#1321=VECTOR('',#4584,10.);
#1322=VECTOR('',#4585,10.);
#1323=VECTOR('',#4594,10.);
#1324=VECTOR('',#4597,10.);
#1325=VECTOR('',#4600,10.);
#1326=VECTOR('',#4601,10.);
#1327=VECTOR('',#4604,10.);
#1328=VECTOR('',#4605,10.);
#1329=VECTOR('',#4614,10.);
#1330=VECTOR('',#4615,10.);
#1331=VECTOR('',#4620,10.);
#1332=VECTOR('',#4625,10.);
#1333=VECTOR('',#4628,10.);
#1334=VECTOR('',#4631,10.);
#1335=VECTOR('',#4632,10.);
#1336=VECTOR('',#4635,10.);
#1337=VECTOR('',#4638,10.);
#1338=VECTOR('',#4643,10.);
#1339=VECTOR('',#4644,10.);
#1340=VECTOR('',#4645,10.);
#1341=VECTOR('',#4648,10.);
#1342=VECTOR('',#4649,10.);
#1343=VECTOR('',#4652,10.);
#1344=VECTOR('',#4653,10.);
#1345=VECTOR('',#4656,10.);
#1346=VECTOR('',#4663,10.);
#1347=VECTOR('',#4666,10.);
#1348=VECTOR('',#4669,10.);
#1349=VECTOR('',#4672,10.);
#1350=VECTOR('',#4675,10.);
#1351=VERTEX_POINT('',#4682);
#1352=VERTEX_POINT('',#4683);
#1353=VERTEX_POINT('',#4685);
#1354=VERTEX_POINT('',#4687);
#1355=VERTEX_POINT('',#4691);
#1356=VERTEX_POINT('',#4693);
#1357=VERTEX_POINT('',#4697);
#1358=VERTEX_POINT('',#4698);
#1359=VERTEX_POINT('',#4703);
#1360=VERTEX_POINT('',#4705);
#1361=VERTEX_POINT('',#4709);
#1362=VERTEX_POINT('',#4710);
#1363=VERTEX_POINT('',#4715);
#1364=VERTEX_POINT('',#4717);
#1365=VERTEX_POINT('',#4721);
#1366=VERTEX_POINT('',#4722);
#1367=VERTEX_POINT('',#4730);
#1368=VERTEX_POINT('',#4732);
#1369=VERTEX_POINT('',#4736);
#1370=VERTEX_POINT('',#4740);
#1371=VERTEX_POINT('',#4744);
#1372=VERTEX_POINT('',#4747);
#1373=VERTEX_POINT('',#4748);
#1374=VERTEX_POINT('',#4750);
#1375=VERTEX_POINT('',#4752);
#1376=VERTEX_POINT('',#4756);
#1377=VERTEX_POINT('',#4757);
#1378=VERTEX_POINT('',#4759);
#1379=VERTEX_POINT('',#4761);
#1380=VERTEX_POINT('',#4764);
#1381=VERTEX_POINT('',#4765);
#1382=VERTEX_POINT('',#4767);
#1383=VERTEX_POINT('',#4769);
#1384=VERTEX_POINT('',#4772);
#1385=VERTEX_POINT('',#4773);
#1386=VERTEX_POINT('',#4775);
#1387=VERTEX_POINT('',#4777);
#1388=VERTEX_POINT('',#4780);
#1389=VERTEX_POINT('',#4781);
#1390=VERTEX_POINT('',#4783);
#1391=VERTEX_POINT('',#4785);
#1392=VERTEX_POINT('',#4788);
#1393=VERTEX_POINT('',#4789);
#1394=VERTEX_POINT('',#4791);
#1395=VERTEX_POINT('',#4793);
#1396=VERTEX_POINT('',#4796);
#1397=VERTEX_POINT('',#4797);
#1398=VERTEX_POINT('',#4799);
#1399=VERTEX_POINT('',#4801);
#1400=VERTEX_POINT('',#4804);
#1401=VERTEX_POINT('',#4805);
#1402=VERTEX_POINT('',#4807);
#1403=VERTEX_POINT('',#4809);
#1404=VERTEX_POINT('',#4812);
#1405=VERTEX_POINT('',#4813);
#1406=VERTEX_POINT('',#4815);
#1407=VERTEX_POINT('',#4817);
#1408=VERTEX_POINT('',#4820);
#1409=VERTEX_POINT('',#4821);
#1410=VERTEX_POINT('',#4823);
#1411=VERTEX_POINT('',#4825);
#1412=VERTEX_POINT('',#4828);
#1413=VERTEX_POINT('',#4829);
#1414=VERTEX_POINT('',#4831);
#1415=VERTEX_POINT('',#4833);
#1416=VERTEX_POINT('',#4837);
#1417=VERTEX_POINT('',#4838);
#1418=VERTEX_POINT('',#4840);
#1419=VERTEX_POINT('',#4842);
#1420=VERTEX_POINT('',#4846);
#1421=VERTEX_POINT('',#4848);
#1422=VERTEX_POINT('',#4850);
#1423=VERTEX_POINT('',#4852);
#1424=VERTEX_POINT('',#4854);
#1425=VERTEX_POINT('',#4856);
#1426=VERTEX_POINT('',#4860);
#1427=VERTEX_POINT('',#4862);
#1428=VERTEX_POINT('',#4864);
#1429=VERTEX_POINT('',#4866);
#1430=VERTEX_POINT('',#4868);
#1431=VERTEX_POINT('',#4871);
#1432=VERTEX_POINT('',#4873);
#1433=VERTEX_POINT('',#4875);
#1434=VERTEX_POINT('',#4877);
#1435=VERTEX_POINT('',#4880);
#1436=VERTEX_POINT('',#4882);
#1437=VERTEX_POINT('',#4884);
#1438=VERTEX_POINT('',#4888);
#1439=VERTEX_POINT('',#4890);
#1440=VERTEX_POINT('',#4894);
#1441=VERTEX_POINT('',#4897);
#1442=VERTEX_POINT('',#4898);
#1443=VERTEX_POINT('',#4900);
#1444=VERTEX_POINT('',#4902);
#1445=VERTEX_POINT('',#4905);
#1446=VERTEX_POINT('',#4906);
#1447=VERTEX_POINT('',#4908);
#1448=VERTEX_POINT('',#4910);
#1449=VERTEX_POINT('',#4913);
#1450=VERTEX_POINT('',#4914);
#1451=VERTEX_POINT('',#4916);
#1452=VERTEX_POINT('',#4918);
#1453=VERTEX_POINT('',#4922);
#1454=VERTEX_POINT('',#4926);
#1455=VERTEX_POINT('',#4930);
#1456=VERTEX_POINT('',#4932);
#1457=VERTEX_POINT('',#4935);
#1458=VERTEX_POINT('',#4937);
#1459=VERTEX_POINT('',#4940);
#1460=VERTEX_POINT('',#4942);
#1461=VERTEX_POINT('',#4945);
#1462=VERTEX_POINT('',#4947);
#1463=VERTEX_POINT('',#4950);
#1464=VERTEX_POINT('',#4952);
#1465=VERTEX_POINT('',#4955);
#1466=VERTEX_POINT('',#4957);
#1467=VERTEX_POINT('',#4960);
#1468=VERTEX_POINT('',#4962);
#1469=VERTEX_POINT('',#4966);
#1470=VERTEX_POINT('',#4968);
#1471=VERTEX_POINT('',#4977);
#1472=VERTEX_POINT('',#4979);
#1473=VERTEX_POINT('',#4983);
#1474=VERTEX_POINT('',#4985);
#1475=VERTEX_POINT('',#4994);
#1476=VERTEX_POINT('',#4996);
#1477=VERTEX_POINT('',#5000);
#1478=VERTEX_POINT('',#5002);
#1479=VERTEX_POINT('',#5011);
#1480=VERTEX_POINT('',#5015);
#1481=VERTEX_POINT('',#5019);
#1482=VERTEX_POINT('',#5021);
#1483=VERTEX_POINT('',#5030);
#1484=VERTEX_POINT('',#5032);
#1485=VERTEX_POINT('',#5036);
#1486=VERTEX_POINT('',#5038);
#1487=VERTEX_POINT('',#5058);
#1488=VERTEX_POINT('',#5059);
#1489=VERTEX_POINT('',#5061);
#1490=VERTEX_POINT('',#5063);
#1491=VERTEX_POINT('',#5068);
#1492=VERTEX_POINT('',#5074);
#1493=VERTEX_POINT('',#5075);
#1494=VERTEX_POINT('',#5077);
#1495=VERTEX_POINT('',#5079);
#1496=VERTEX_POINT('',#5084);
#1497=VERTEX_POINT('',#5090);
#1498=VERTEX_POINT('',#5091);
#1499=VERTEX_POINT('',#5093);
#1500=VERTEX_POINT('',#5095);
#1501=VERTEX_POINT('',#5100);
#1502=VERTEX_POINT('',#5106);
#1503=VERTEX_POINT('',#5107);
#1504=VERTEX_POINT('',#5109);
#1505=VERTEX_POINT('',#5111);
#1506=VERTEX_POINT('',#5116);
#1507=VERTEX_POINT('',#5122);
#1508=VERTEX_POINT('',#5123);
#1509=VERTEX_POINT('',#5125);
#1510=VERTEX_POINT('',#5127);
#1511=VERTEX_POINT('',#5132);
#1512=VERTEX_POINT('',#5138);
#1513=VERTEX_POINT('',#5139);
#1514=VERTEX_POINT('',#5141);
#1515=VERTEX_POINT('',#5143);
#1516=VERTEX_POINT('',#5147);
#1517=VERTEX_POINT('',#5152);
#1518=VERTEX_POINT('',#5156);
#1519=VERTEX_POINT('',#5157);
#1520=VERTEX_POINT('',#5159);
#1521=VERTEX_POINT('',#5161);
#1522=VERTEX_POINT('',#5166);
#1523=VERTEX_POINT('',#5172);
#1524=VERTEX_POINT('',#5173);
#1525=VERTEX_POINT('',#5175);
#1526=VERTEX_POINT('',#5177);
#1527=VERTEX_POINT('',#5182);
#1528=VERTEX_POINT('',#5188);
#1529=VERTEX_POINT('',#5189);
#1530=VERTEX_POINT('',#5191);
#1531=VERTEX_POINT('',#5193);
#1532=VERTEX_POINT('',#5198);
#1533=VERTEX_POINT('',#5204);
#1534=VERTEX_POINT('',#5208);
#1535=VERTEX_POINT('',#5212);
#1536=VERTEX_POINT('',#5214);
#1537=VERTEX_POINT('',#5218);
#1538=VERTEX_POINT('',#5222);
#1539=VERTEX_POINT('',#5230);
#1540=VERTEX_POINT('',#5240);
#1541=VERTEX_POINT('',#5246);
#1542=VERTEX_POINT('',#5252);
#1543=VERTEX_POINT('',#5260);
#1544=VERTEX_POINT('',#5264);
#1545=VERTEX_POINT('',#5283);
#1546=VERTEX_POINT('',#5284);
#1547=VERTEX_POINT('',#5286);
#1548=VERTEX_POINT('',#5288);
#1549=VERTEX_POINT('',#5292);
#1550=VERTEX_POINT('',#5293);
#1551=VERTEX_POINT('',#5298);
#1552=VERTEX_POINT('',#5299);
#1553=VERTEX_POINT('',#5304);
#1554=VERTEX_POINT('',#5305);
#1555=VERTEX_POINT('',#5310);
#1556=VERTEX_POINT('',#5311);
#1557=VERTEX_POINT('',#5316);
#1558=VERTEX_POINT('',#5317);
#1559=VERTEX_POINT('',#5322);
#1560=VERTEX_POINT('',#5323);
#1561=VERTEX_POINT('',#5331);
#1562=VERTEX_POINT('',#5333);
#1563=VERTEX_POINT('',#5337);
#1564=VERTEX_POINT('',#5341);
#1565=VERTEX_POINT('',#5345);
#1566=VERTEX_POINT('',#5348);
#1567=VERTEX_POINT('',#5349);
#1568=VERTEX_POINT('',#5351);
#1569=VERTEX_POINT('',#5353);
#1570=VERTEX_POINT('',#5357);
#1571=VERTEX_POINT('',#5358);
#1572=VERTEX_POINT('',#5360);
#1573=VERTEX_POINT('',#5362);
#1574=VERTEX_POINT('',#5364);
#1575=VERTEX_POINT('',#5366);
#1576=VERTEX_POINT('',#5368);
#1577=VERTEX_POINT('',#5370);
#1578=VERTEX_POINT('',#5372);
#1579=VERTEX_POINT('',#5374);
#1580=VERTEX_POINT('',#5376);
#1581=VERTEX_POINT('',#5378);
#1582=VERTEX_POINT('',#5380);
#1583=VERTEX_POINT('',#5382);
#1584=VERTEX_POINT('',#5386);
#1585=VERTEX_POINT('',#5387);
#1586=VERTEX_POINT('',#5392);
#1587=VERTEX_POINT('',#5396);
#1588=VERTEX_POINT('',#5400);
#1589=VERTEX_POINT('',#5403);
#1590=VERTEX_POINT('',#5404);
#1591=VERTEX_POINT('',#5406);
#1592=VERTEX_POINT('',#5408);
#1593=VERTEX_POINT('',#5411);
#1594=VERTEX_POINT('',#5412);
#1595=VERTEX_POINT('',#5414);
#1596=VERTEX_POINT('',#5416);
#1597=VERTEX_POINT('',#5419);
#1598=VERTEX_POINT('',#5420);
#1599=VERTEX_POINT('',#5422);
#1600=VERTEX_POINT('',#5424);
#1601=VERTEX_POINT('',#5427);
#1602=VERTEX_POINT('',#5428);
#1603=VERTEX_POINT('',#5430);
#1604=VERTEX_POINT('',#5432);
#1605=VERTEX_POINT('',#5435);
#1606=VERTEX_POINT('',#5436);
#1607=VERTEX_POINT('',#5438);
#1608=VERTEX_POINT('',#5440);
#1609=VERTEX_POINT('',#5443);
#1610=VERTEX_POINT('',#5444);
#1611=VERTEX_POINT('',#5446);
#1612=VERTEX_POINT('',#5448);
#1613=VERTEX_POINT('',#5452);
#1614=VERTEX_POINT('',#5453);
#1615=VERTEX_POINT('',#5458);
#1616=VERTEX_POINT('',#5464);
#1617=VERTEX_POINT('',#5466);
#1618=VERTEX_POINT('',#5469);
#1619=VERTEX_POINT('',#5471);
#1620=VERTEX_POINT('',#5474);
#1621=VERTEX_POINT('',#5476);
#1622=VERTEX_POINT('',#5479);
#1623=VERTEX_POINT('',#5481);
#1624=VERTEX_POINT('',#5484);
#1625=VERTEX_POINT('',#5485);
#1626=VERTEX_POINT('',#5487);
#1627=VERTEX_POINT('',#5489);
#1628=VERTEX_POINT('',#5501);
#1629=VERTEX_POINT('',#5502);
#1630=VERTEX_POINT('',#5504);
#1631=VERTEX_POINT('',#5506);
#1632=VERTEX_POINT('',#5518);
#1633=VERTEX_POINT('',#5519);
#1634=VERTEX_POINT('',#5521);
#1635=VERTEX_POINT('',#5523);
#1636=VERTEX_POINT('',#5535);
#1637=VERTEX_POINT('',#5536);
#1638=VERTEX_POINT('',#5538);
#1639=VERTEX_POINT('',#5540);
#1640=VERTEX_POINT('',#5552);
#1641=VERTEX_POINT('',#5554);
#1642=VERTEX_POINT('',#5557);
#1643=VERTEX_POINT('',#5559);
#1644=VERTEX_POINT('',#5562);
#1645=VERTEX_POINT('',#5563);
#1646=VERTEX_POINT('',#5565);
#1647=VERTEX_POINT('',#5567);
#1648=VERTEX_POINT('',#5579);
#1649=VERTEX_POINT('',#5580);
#1650=VERTEX_POINT('',#5582);
#1651=VERTEX_POINT('',#5584);
#1652=VERTEX_POINT('',#5596);
#1653=VERTEX_POINT('',#5597);
#1654=VERTEX_POINT('',#5602);
#1655=VERTEX_POINT('',#5604);
#1656=VERTEX_POINT('',#5606);
#1657=VERTEX_POINT('',#5608);
#1658=VERTEX_POINT('',#5622);
#1659=VERTEX_POINT('',#5624);
#1660=VERTEX_POINT('',#5628);
#1661=VERTEX_POINT('',#5632);
#1662=VERTEX_POINT('',#5639);
#1663=VERTEX_POINT('',#5641);
#1664=VERTEX_POINT('',#5643);
#1665=EDGE_CURVE('',#1351,#1352,#649,.T.);
#1666=EDGE_CURVE('',#1352,#1353,#650,.T.);
#1667=EDGE_CURVE('',#1353,#1354,#651,.T.);
#1668=EDGE_CURVE('',#1354,#1351,#652,.T.);
#1669=EDGE_CURVE('',#1351,#1355,#114,.T.);
#1670=EDGE_CURVE('',#1355,#1356,#653,.T.);
#1671=EDGE_CURVE('',#1356,#1352,#115,.T.);
#1672=EDGE_CURVE('',#1357,#1358,#654,.T.);
#1673=EDGE_CURVE('',#1358,#1356,#655,.T.);
#1674=EDGE_CURVE('',#1355,#1357,#656,.T.);
#1675=EDGE_CURVE('',#1357,#1359,#116,.T.);
#1676=EDGE_CURVE('',#1359,#1360,#657,.T.);
#1677=EDGE_CURVE('',#1360,#1358,#117,.T.);
#1678=EDGE_CURVE('',#1361,#1362,#658,.T.);
#1679=EDGE_CURVE('',#1362,#1360,#659,.T.);
#1680=EDGE_CURVE('',#1359,#1361,#660,.T.);
#1681=EDGE_CURVE('',#1361,#1363,#118,.T.);
#1682=EDGE_CURVE('',#1363,#1364,#661,.T.);
#1683=EDGE_CURVE('',#1364,#1362,#119,.T.);
#1684=EDGE_CURVE('',#1365,#1366,#662,.T.);
#1685=EDGE_CURVE('',#1366,#1364,#663,.T.);
#1686=EDGE_CURVE('',#1363,#1365,#664,.T.);
#1687=EDGE_CURVE('',#1365,#1354,#120,.T.);
#1688=EDGE_CURVE('',#1353,#1366,#121,.T.);
#1689=EDGE_CURVE('',#1357,#1367,#665,.T.);
#1690=EDGE_CURVE('',#1367,#1368,#122,.T.);
#1691=EDGE_CURVE('',#1368,#1359,#666,.T.);
#1692=EDGE_CURVE('',#1369,#1355,#667,.T.);
#1693=EDGE_CURVE('',#1369,#1367,#668,.T.);
#1694=EDGE_CURVE('',#1351,#1370,#669,.T.);
#1695=EDGE_CURVE('',#1370,#1369,#123,.T.);
#1696=EDGE_CURVE('',#1371,#1354,#670,.T.);
#1697=EDGE_CURVE('',#1371,#1370,#671,.T.);
#1698=EDGE_CURVE('',#1372,#1373,#672,.T.);
#1699=EDGE_CURVE('',#1373,#1374,#673,.T.);
#1700=EDGE_CURVE('',#1374,#1375,#674,.T.);
#1701=EDGE_CURVE('',#1375,#1372,#675,.T.);
#1702=EDGE_CURVE('',#1376,#1377,#676,.T.);
#1703=EDGE_CURVE('',#1378,#1376,#677,.T.);
#1704=EDGE_CURVE('',#1378,#1379,#678,.T.);
#1705=EDGE_CURVE('',#1379,#1377,#679,.T.);
#1706=EDGE_CURVE('',#1380,#1381,#680,.T.);
#1707=EDGE_CURVE('',#1382,#1380,#681,.T.);
#1708=EDGE_CURVE('',#1383,#1382,#682,.T.);
#1709=EDGE_CURVE('',#1381,#1383,#683,.T.);
#1710=EDGE_CURVE('',#1384,#1385,#684,.T.);
#1711=EDGE_CURVE('',#1386,#1384,#685,.T.);
#1712=EDGE_CURVE('',#1387,#1386,#686,.T.);
#1713=EDGE_CURVE('',#1385,#1387,#687,.T.);
#1714=EDGE_CURVE('',#1388,#1389,#688,.T.);
#1715=EDGE_CURVE('',#1390,#1389,#689,.T.);
#1716=EDGE_CURVE('',#1391,#1390,#690,.T.);
#1717=EDGE_CURVE('',#1388,#1391,#691,.T.);
#1718=EDGE_CURVE('',#1392,#1393,#692,.T.);
#1719=EDGE_CURVE('',#1392,#1394,#693,.T.);
#1720=EDGE_CURVE('',#1394,#1395,#694,.T.);
#1721=EDGE_CURVE('',#1395,#1393,#695,.T.);
#1722=EDGE_CURVE('',#1396,#1397,#696,.T.);
#1723=EDGE_CURVE('',#1398,#1396,#697,.T.);
#1724=EDGE_CURVE('',#1399,#1398,#698,.T.);
#1725=EDGE_CURVE('',#1399,#1397,#699,.T.);
#1726=EDGE_CURVE('',#1400,#1401,#700,.T.);
#1727=EDGE_CURVE('',#1402,#1401,#701,.T.);
#1728=EDGE_CURVE('',#1403,#1402,#702,.T.);
#1729=EDGE_CURVE('',#1400,#1403,#703,.T.);
#1730=EDGE_CURVE('',#1404,#1405,#704,.T.);
#1731=EDGE_CURVE('',#1406,#1404,#705,.T.);
#1732=EDGE_CURVE('',#1406,#1407,#706,.T.);
#1733=EDGE_CURVE('',#1407,#1405,#707,.T.);
#1734=EDGE_CURVE('',#1408,#1409,#708,.T.);
#1735=EDGE_CURVE('',#1410,#1409,#709,.T.);
#1736=EDGE_CURVE('',#1411,#1410,#710,.T.);
#1737=EDGE_CURVE('',#1408,#1411,#711,.T.);
#1738=EDGE_CURVE('',#1412,#1413,#712,.T.);
#1739=EDGE_CURVE('',#1414,#1413,#713,.T.);
#1740=EDGE_CURVE('',#1415,#1414,#714,.T.);
#1741=EDGE_CURVE('',#1412,#1415,#715,.T.);
#1742=EDGE_CURVE('',#1416,#1417,#124,.T.);
#1743=EDGE_CURVE('',#1417,#1418,#716,.T.);
#1744=EDGE_CURVE('',#1418,#1419,#125,.T.);
#1745=EDGE_CURVE('',#1419,#1416,#717,.T.);
#1746=EDGE_CURVE('',#1420,#1417,#718,.T.);
#1747=EDGE_CURVE('',#1421,#1420,#719,.T.);
#1748=EDGE_CURVE('',#1421,#1422,#720,.T.);
#1749=EDGE_CURVE('',#1423,#1422,#721,.T.);
#1750=EDGE_CURVE('',#1424,#1423,#722,.T.);
#1751=EDGE_CURVE('',#1425,#1424,#723,.T.);
#1752=EDGE_CURVE('',#1418,#1425,#724,.T.);
#1753=EDGE_CURVE('',#1416,#1426,#725,.T.);
#1754=EDGE_CURVE('',#1427,#1426,#126,.T.);
#1755=EDGE_CURVE('',#1427,#1428,#726,.T.);
#1756=EDGE_CURVE('',#1429,#1428,#127,.T.);
#1757=EDGE_CURVE('',#1429,#1430,#727,.T.);
#1758=EDGE_CURVE('',#1424,#1430,#128,.T.);
#1759=EDGE_CURVE('',#1431,#1423,#129,.T.);
#1760=EDGE_CURVE('',#1432,#1431,#130,.T.);
#1761=EDGE_CURVE('',#1433,#1432,#728,.T.);
#1762=EDGE_CURVE('',#1434,#1433,#131,.T.);
#1763=EDGE_CURVE('',#1420,#1434,#132,.T.);
#1764=EDGE_CURVE('',#1435,#1371,#133,.T.);
#1765=EDGE_CURVE('',#1436,#1435,#729,.T.);
#1766=EDGE_CURVE('',#1437,#1436,#134,.T.);
#1767=EDGE_CURVE('',#1368,#1437,#730,.T.);
#1768=EDGE_CURVE('',#1426,#1438,#731,.T.);
#1769=EDGE_CURVE('',#1438,#1439,#135,.T.);
#1770=EDGE_CURVE('',#1439,#1427,#732,.T.);
#1771=EDGE_CURVE('',#1440,#1439,#733,.T.);
#1772=EDGE_CURVE('',#1428,#1440,#734,.T.);
#1773=EDGE_CURVE('',#1441,#1442,#735,.T.);
#1774=EDGE_CURVE('',#1442,#1443,#736,.T.);
#1775=EDGE_CURVE('',#1443,#1444,#737,.T.);
#1776=EDGE_CURVE('',#1444,#1441,#738,.T.);
#1777=EDGE_CURVE('',#1445,#1446,#739,.T.);
#1778=EDGE_CURVE('',#1446,#1447,#740,.T.);
#1779=EDGE_CURVE('',#1447,#1448,#741,.T.);
#1780=EDGE_CURVE('',#1448,#1445,#742,.T.);
#1781=EDGE_CURVE('',#1449,#1450,#743,.T.);
#1782=EDGE_CURVE('',#1450,#1451,#744,.T.);
#1783=EDGE_CURVE('',#1451,#1452,#745,.T.);
#1784=EDGE_CURVE('',#1452,#1449,#746,.T.);
#1785=EDGE_CURVE('',#1440,#1453,#136,.T.);
#1786=EDGE_CURVE('',#1453,#1429,#747,.T.);
#1787=EDGE_CURVE('',#1430,#1454,#748,.T.);
#1788=EDGE_CURVE('',#1454,#1425,#137,.T.);
#1789=EDGE_CURVE('',#1455,#1455,#138,.T.);
#1790=EDGE_CURVE('',#1455,#1456,#139,.T.);
#1791=EDGE_CURVE('',#1457,#1457,#140,.T.);
#1792=EDGE_CURVE('',#1457,#1458,#141,.T.);
#1793=EDGE_CURVE('',#1459,#1459,#142,.F.);
#1794=EDGE_CURVE('',#1460,#1459,#143,.T.);
#1795=EDGE_CURVE('',#1461,#1461,#144,.F.);
#1796=EDGE_CURVE('',#1462,#1461,#145,.T.);
#1797=EDGE_CURVE('',#1463,#1463,#146,.T.);
#1798=EDGE_CURVE('',#1463,#1464,#147,.T.);
#1799=EDGE_CURVE('',#1465,#1465,#148,.F.);
#1800=EDGE_CURVE('',#1466,#1465,#149,.T.);
#1801=EDGE_CURVE('',#1467,#1444,#749,.T.);
#1802=EDGE_CURVE('',#1468,#1443,#750,.T.);
#1803=EDGE_CURVE('',#1467,#1468,#751,.T.);
#1804=EDGE_CURVE('',#1467,#1469,#150,.T.);
#1805=EDGE_CURVE('',#1470,#1468,#151,.T.);
#1806=EDGE_CURVE('',#1469,#1470,#752,.T.);
#1807=EDGE_CURVE('',#1469,#1441,#753,.T.);
#1808=EDGE_CURVE('',#1442,#1470,#754,.T.);
#1809=EDGE_CURVE('',#1471,#1448,#755,.T.);
#1810=EDGE_CURVE('',#1472,#1447,#756,.T.);
#1811=EDGE_CURVE('',#1471,#1472,#757,.T.);
#1812=EDGE_CURVE('',#1471,#1473,#152,.T.);
#1813=EDGE_CURVE('',#1474,#1472,#153,.T.);
#1814=EDGE_CURVE('',#1473,#1474,#758,.T.);
#1815=EDGE_CURVE('',#1473,#1445,#759,.T.);
#1816=EDGE_CURVE('',#1446,#1474,#760,.T.);
#1817=EDGE_CURVE('',#1475,#1452,#761,.T.);
#1818=EDGE_CURVE('',#1476,#1451,#762,.T.);
#1819=EDGE_CURVE('',#1475,#1476,#763,.T.);
#1820=EDGE_CURVE('',#1475,#1477,#154,.T.);
#1821=EDGE_CURVE('',#1478,#1476,#155,.T.);
#1822=EDGE_CURVE('',#1477,#1478,#764,.T.);
#1823=EDGE_CURVE('',#1477,#1449,#765,.T.);
#1824=EDGE_CURVE('',#1450,#1478,#766,.T.);
#1825=EDGE_CURVE('',#1479,#1421,#17,.T.);
#1826=EDGE_CURVE('',#1479,#1434,#767,.T.);
#1827=EDGE_CURVE('',#1433,#1480,#768,.T.);
#1828=EDGE_CURVE('',#1480,#1479,#18,.T.);
#1829=EDGE_CURVE('',#1480,#1481,#769,.T.);
#1830=EDGE_CURVE('',#1482,#1481,#19,.T.);
#1831=EDGE_CURVE('',#1422,#1482,#20,.T.);
#1832=EDGE_CURVE('',#1481,#1432,#770,.T.);
#1833=EDGE_CURVE('',#1482,#1431,#771,.T.);
#1834=EDGE_CURVE('',#1375,#1483,#772,.T.);
#1835=EDGE_CURVE('',#1484,#1374,#773,.T.);
#1836=EDGE_CURVE('',#1483,#1484,#774,.T.);
#1837=EDGE_CURVE('',#1485,#1483,#775,.T.);
#1838=EDGE_CURVE('',#1486,#1484,#776,.T.);
#1839=EDGE_CURVE('',#1485,#1486,#777,.T.);
#1840=EDGE_CURVE('',#1372,#1485,#778,.T.);
#1841=EDGE_CURVE('',#1373,#1486,#779,.T.);
#1842=EDGE_CURVE('',#1361,#1437,#780,.T.);
#1843=EDGE_CURVE('',#1436,#1363,#781,.T.);
#1844=EDGE_CURVE('',#1365,#1435,#782,.T.);
#1845=EDGE_CURVE('',#1438,#1419,#783,.T.);
#1846=EDGE_CURVE('',#1454,#1453,#784,.T.);
#1847=EDGE_CURVE('',#1487,#1488,#156,.T.);
#1848=EDGE_CURVE('',#1487,#1489,#785,.T.);
#1849=EDGE_CURVE('',#1490,#1489,#157,.T.);
#1850=EDGE_CURVE('',#1490,#1488,#786,.T.);
#1851=EDGE_CURVE('',#1488,#1393,#787,.T.);
#1852=EDGE_CURVE('',#1491,#1395,#788,.F.);
#1853=EDGE_CURVE('',#1491,#1487,#789,.T.);
#1854=EDGE_CURVE('',#1392,#1490,#790,.T.);
#1855=EDGE_CURVE('',#1492,#1493,#158,.T.);
#1856=EDGE_CURVE('',#1492,#1494,#791,.T.);
#1857=EDGE_CURVE('',#1495,#1494,#159,.T.);
#1858=EDGE_CURVE('',#1495,#1493,#792,.T.);
#1859=EDGE_CURVE('',#1493,#1380,#793,.T.);
#1860=EDGE_CURVE('',#1496,#1381,#794,.T.);
#1861=EDGE_CURVE('',#1492,#1496,#795,.T.);
#1862=EDGE_CURVE('',#1495,#1382,#796,.T.);
#1863=EDGE_CURVE('',#1497,#1498,#160,.T.);
#1864=EDGE_CURVE('',#1497,#1499,#797,.T.);
#1865=EDGE_CURVE('',#1500,#1499,#161,.T.);
#1866=EDGE_CURVE('',#1500,#1498,#798,.T.);
#1867=EDGE_CURVE('',#1498,#1397,#799,.T.);
#1868=EDGE_CURVE('',#1399,#1501,#800,.T.);
#1869=EDGE_CURVE('',#1501,#1497,#801,.T.);
#1870=EDGE_CURVE('',#1500,#1396,#802,.T.);
#1871=EDGE_CURVE('',#1502,#1503,#162,.T.);
#1872=EDGE_CURVE('',#1502,#1504,#803,.T.);
#1873=EDGE_CURVE('',#1505,#1504,#163,.T.);
#1874=EDGE_CURVE('',#1505,#1503,#804,.T.);
#1875=EDGE_CURVE('',#1503,#1384,#805,.T.);
#1876=EDGE_CURVE('',#1506,#1385,#806,.T.);
#1877=EDGE_CURVE('',#1502,#1506,#807,.T.);
#1878=EDGE_CURVE('',#1505,#1386,#808,.T.);
#1879=EDGE_CURVE('',#1507,#1508,#164,.T.);
#1880=EDGE_CURVE('',#1507,#1509,#809,.T.);
#1881=EDGE_CURVE('',#1510,#1509,#165,.T.);
#1882=EDGE_CURVE('',#1510,#1508,#810,.T.);
#1883=EDGE_CURVE('',#1412,#1509,#811,.T.);
#1884=EDGE_CURVE('',#1511,#1415,#812,.T.);
#1885=EDGE_CURVE('',#1510,#1511,#813,.T.);
#1886=EDGE_CURVE('',#1507,#1413,#814,.T.);
#1887=EDGE_CURVE('',#1512,#1513,#166,.T.);
#1888=EDGE_CURVE('',#1512,#1514,#815,.T.);
#1889=EDGE_CURVE('',#1515,#1514,#167,.T.);
#1890=EDGE_CURVE('',#1515,#1513,#816,.T.);
#1891=EDGE_CURVE('',#1516,#1513,#817,.T.);
#1892=EDGE_CURVE('',#1516,#1404,#818,.T.);
#1893=EDGE_CURVE('',#1512,#1405,#819,.T.);
#1894=EDGE_CURVE('',#1517,#1515,#820,.T.);
#1895=EDGE_CURVE('',#1517,#1516,#821,.T.);
#1896=EDGE_CURVE('',#1518,#1519,#168,.T.);
#1897=EDGE_CURVE('',#1518,#1520,#822,.T.);
#1898=EDGE_CURVE('',#1521,#1520,#169,.T.);
#1899=EDGE_CURVE('',#1521,#1519,#823,.T.);
#1900=EDGE_CURVE('',#1408,#1520,#824,.T.);
#1901=EDGE_CURVE('',#1522,#1411,#825,.T.);
#1902=EDGE_CURVE('',#1521,#1522,#826,.T.);
#1903=EDGE_CURVE('',#1518,#1409,#827,.T.);
#1904=EDGE_CURVE('',#1523,#1524,#170,.T.);
#1905=EDGE_CURVE('',#1523,#1525,#828,.T.);
#1906=EDGE_CURVE('',#1526,#1525,#171,.T.);
#1907=EDGE_CURVE('',#1526,#1524,#829,.T.);
#1908=EDGE_CURVE('',#1400,#1525,#830,.T.);
#1909=EDGE_CURVE('',#1527,#1403,#831,.T.);
#1910=EDGE_CURVE('',#1526,#1527,#832,.T.);
#1911=EDGE_CURVE('',#1523,#1401,#833,.T.);
#1912=EDGE_CURVE('',#1528,#1529,#172,.T.);
#1913=EDGE_CURVE('',#1528,#1530,#834,.T.);
#1914=EDGE_CURVE('',#1531,#1530,#173,.T.);
#1915=EDGE_CURVE('',#1531,#1529,#835,.T.);
#1916=EDGE_CURVE('',#1388,#1530,#836,.T.);
#1917=EDGE_CURVE('',#1532,#1391,#837,.T.);
#1918=EDGE_CURVE('',#1531,#1532,#838,.T.);
#1919=EDGE_CURVE('',#1528,#1389,#839,.T.);
#1920=EDGE_CURVE('',#1533,#1504,#840,.T.);
#1921=EDGE_CURVE('',#1533,#1387,#841,.T.);
#1922=EDGE_CURVE('',#1534,#1494,#842,.T.);
#1923=EDGE_CURVE('',#1534,#1383,#843,.T.);
#1924=EDGE_CURVE('',#1535,#1376,#844,.T.);
#1925=EDGE_CURVE('',#1536,#1535,#845,.T.);
#1926=EDGE_CURVE('',#1378,#1536,#846,.T.);
#1927=EDGE_CURVE('',#1537,#1377,#847,.T.);
#1928=EDGE_CURVE('',#1535,#1537,#848,.T.);
#1929=EDGE_CURVE('',#1538,#1398,#849,.T.);
#1930=EDGE_CURVE('',#1501,#1538,#850,.T.);
#1931=EDGE_CURVE('',#1538,#1499,#851,.T.);
#1932=EDGE_CURVE('',#1406,#1517,#852,.T.);
#1933=EDGE_CURVE('',#1539,#1414,#853,.T.);
#1934=EDGE_CURVE('',#1511,#1539,#854,.T.);
#1935=EDGE_CURVE('',#1506,#1533,#855,.T.);
#1936=EDGE_CURVE('',#1496,#1534,#856,.T.);
#1937=EDGE_CURVE('',#1539,#1508,#857,.T.);
#1938=EDGE_CURVE('',#1540,#1410,#858,.T.);
#1939=EDGE_CURVE('',#1522,#1540,#859,.T.);
#1940=EDGE_CURVE('',#1540,#1519,#860,.T.);
#1941=EDGE_CURVE('',#1541,#1402,#861,.T.);
#1942=EDGE_CURVE('',#1527,#1541,#862,.T.);
#1943=EDGE_CURVE('',#1541,#1524,#863,.T.);
#1944=EDGE_CURVE('',#1542,#1390,#864,.T.);
#1945=EDGE_CURVE('',#1532,#1542,#865,.T.);
#1946=EDGE_CURVE('',#1542,#1529,#866,.T.);
#1947=EDGE_CURVE('',#1514,#1407,#867,.F.);
#1948=EDGE_CURVE('',#1543,#1379,#868,.T.);
#1949=EDGE_CURVE('',#1543,#1537,#869,.T.);
#1950=EDGE_CURVE('',#1489,#1544,#870,.T.);
#1951=EDGE_CURVE('',#1544,#1394,#871,.F.);
#1952=EDGE_CURVE('',#1536,#1543,#872,.T.);
#1953=EDGE_CURVE('',#1544,#1491,#873,.T.);
#1954=EDGE_CURVE('',#1545,#1546,#874,.T.);
#1955=EDGE_CURVE('',#1546,#1547,#875,.T.);
#1956=EDGE_CURVE('',#1547,#1548,#876,.T.);
#1957=EDGE_CURVE('',#1548,#1545,#877,.T.);
#1958=EDGE_CURVE('',#1549,#1550,#878,.T.);
#1959=EDGE_CURVE('',#1550,#1546,#174,.T.);
#1960=EDGE_CURVE('',#1545,#1549,#175,.T.);
#1961=EDGE_CURVE('',#1551,#1552,#879,.T.);
#1962=EDGE_CURVE('',#1552,#1550,#880,.T.);
#1963=EDGE_CURVE('',#1549,#1551,#881,.T.);
#1964=EDGE_CURVE('',#1553,#1554,#882,.T.);
#1965=EDGE_CURVE('',#1554,#1552,#176,.T.);
#1966=EDGE_CURVE('',#1551,#1553,#177,.T.);
#1967=EDGE_CURVE('',#1555,#1556,#883,.T.);
#1968=EDGE_CURVE('',#1556,#1554,#884,.T.);
#1969=EDGE_CURVE('',#1553,#1555,#885,.T.);
#1970=EDGE_CURVE('',#1557,#1558,#886,.T.);
#1971=EDGE_CURVE('',#1558,#1556,#178,.T.);
#1972=EDGE_CURVE('',#1555,#1557,#179,.T.);
#1973=EDGE_CURVE('',#1559,#1560,#887,.T.);
#1974=EDGE_CURVE('',#1560,#1558,#888,.T.);
#1975=EDGE_CURVE('',#1557,#1559,#889,.T.);
#1976=EDGE_CURVE('',#1547,#1560,#180,.T.);
#1977=EDGE_CURVE('',#1559,#1548,#181,.T.);
#1978=EDGE_CURVE('',#1558,#1561,#890,.T.);
#1979=EDGE_CURVE('',#1561,#1562,#182,.T.);
#1980=EDGE_CURVE('',#1556,#1562,#891,.T.);
#1981=EDGE_CURVE('',#1560,#1563,#892,.T.);
#1982=EDGE_CURVE('',#1563,#1561,#893,.T.);
#1983=EDGE_CURVE('',#1547,#1564,#894,.T.);
#1984=EDGE_CURVE('',#1564,#1563,#183,.T.);
#1985=EDGE_CURVE('',#1546,#1565,#895,.T.);
#1986=EDGE_CURVE('',#1565,#1564,#896,.T.);
#1987=EDGE_CURVE('',#1566,#1567,#897,.T.);
#1988=EDGE_CURVE('',#1567,#1568,#898,.T.);
#1989=EDGE_CURVE('',#1568,#1569,#899,.T.);
#1990=EDGE_CURVE('',#1569,#1566,#900,.T.);
#1991=EDGE_CURVE('',#1570,#1571,#184,.T.);
#1992=EDGE_CURVE('',#1572,#1570,#901,.T.);
#1993=EDGE_CURVE('',#1573,#1572,#185,.T.);
#1994=EDGE_CURVE('',#1574,#1573,#186,.T.);
#1995=EDGE_CURVE('',#1575,#1574,#902,.T.);
#1996=EDGE_CURVE('',#1576,#1575,#187,.T.);
#1997=EDGE_CURVE('',#1577,#1576,#188,.T.);
#1998=EDGE_CURVE('',#1578,#1577,#903,.T.);
#1999=EDGE_CURVE('',#1579,#1578,#189,.T.);
#2000=EDGE_CURVE('',#1580,#1579,#904,.T.);
#2001=EDGE_CURVE('',#1581,#1580,#190,.T.);
#2002=EDGE_CURVE('',#1582,#1581,#905,.T.);
#2003=EDGE_CURVE('',#1583,#1582,#191,.T.);
#2004=EDGE_CURVE('',#1571,#1583,#906,.T.);
#2005=EDGE_CURVE('',#1584,#1585,#192,.T.);
#2006=EDGE_CURVE('',#1585,#1570,#907,.T.);
#2007=EDGE_CURVE('',#1571,#1584,#908,.T.);
#2008=EDGE_CURVE('',#1586,#1583,#909,.T.);
#2009=EDGE_CURVE('',#1586,#1584,#910,.F.);
#2010=EDGE_CURVE('',#1587,#1586,#193,.T.);
#2011=EDGE_CURVE('',#1582,#1587,#911,.T.);
#2012=EDGE_CURVE('',#1588,#1581,#912,.T.);
#2013=EDGE_CURVE('',#1588,#1587,#913,.F.);
#2014=EDGE_CURVE('',#1589,#1590,#914,.T.);
#2015=EDGE_CURVE('',#1590,#1591,#915,.T.);
#2016=EDGE_CURVE('',#1591,#1592,#916,.T.);
#2017=EDGE_CURVE('',#1592,#1589,#917,.T.);
#2018=EDGE_CURVE('',#1593,#1594,#918,.T.);
#2019=EDGE_CURVE('',#1594,#1595,#919,.T.);
#2020=EDGE_CURVE('',#1595,#1596,#920,.T.);
#2021=EDGE_CURVE('',#1596,#1593,#921,.T.);
#2022=EDGE_CURVE('',#1597,#1598,#922,.T.);
#2023=EDGE_CURVE('',#1598,#1599,#923,.T.);
#2024=EDGE_CURVE('',#1599,#1600,#924,.T.);
#2025=EDGE_CURVE('',#1600,#1597,#925,.T.);
#2026=EDGE_CURVE('',#1601,#1602,#926,.T.);
#2027=EDGE_CURVE('',#1602,#1603,#927,.T.);
#2028=EDGE_CURVE('',#1603,#1604,#928,.T.);
#2029=EDGE_CURVE('',#1604,#1601,#929,.T.);
#2030=EDGE_CURVE('',#1605,#1606,#930,.T.);
#2031=EDGE_CURVE('',#1606,#1607,#931,.T.);
#2032=EDGE_CURVE('',#1607,#1608,#932,.T.);
#2033=EDGE_CURVE('',#1608,#1605,#933,.T.);
#2034=EDGE_CURVE('',#1609,#1610,#934,.T.);
#2035=EDGE_CURVE('',#1610,#1611,#935,.T.);
#2036=EDGE_CURVE('',#1611,#1612,#936,.T.);
#2037=EDGE_CURVE('',#1612,#1609,#937,.T.);
#2038=EDGE_CURVE('',#1613,#1614,#194,.T.);
#2039=EDGE_CURVE('',#1614,#1579,#938,.T.);
#2040=EDGE_CURVE('',#1578,#1613,#939,.T.);
#2041=EDGE_CURVE('',#1614,#1615,#940,.F.);
#2042=EDGE_CURVE('',#1580,#1615,#941,.T.);
#2043=EDGE_CURVE('',#1615,#1588,#195,.T.);
#2044=EDGE_CURVE('',#1616,#1616,#196,.T.);
#2045=EDGE_CURVE('',#1617,#1616,#197,.T.);
#2046=EDGE_CURVE('',#1618,#1618,#198,.T.);
#2047=EDGE_CURVE('',#1619,#1618,#199,.T.);
#2048=EDGE_CURVE('',#1620,#1620,#200,.T.);
#2049=EDGE_CURVE('',#1620,#1621,#201,.T.);
#2050=EDGE_CURVE('',#1622,#1622,#202,.T.);
#2051=EDGE_CURVE('',#1622,#1623,#203,.T.);
#2052=EDGE_CURVE('',#1624,#1625,#204,.T.);
#2053=EDGE_CURVE('',#1625,#1626,#942,.T.);
#2054=EDGE_CURVE('',#1626,#1627,#205,.T.);
#2055=EDGE_CURVE('',#1624,#1627,#943,.T.);
#2056=EDGE_CURVE('',#1625,#1612,#944,.T.);
#2057=EDGE_CURVE('',#1611,#1626,#945,.T.);
#2058=EDGE_CURVE('',#1609,#1624,#946,.T.);
#2059=EDGE_CURVE('',#1627,#1610,#947,.T.);
#2060=EDGE_CURVE('',#1628,#1629,#206,.T.);
#2061=EDGE_CURVE('',#1629,#1630,#948,.T.);
#2062=EDGE_CURVE('',#1630,#1631,#207,.T.);
#2063=EDGE_CURVE('',#1628,#1631,#949,.T.);
#2064=EDGE_CURVE('',#1629,#1608,#950,.T.);
#2065=EDGE_CURVE('',#1607,#1630,#951,.T.);
#2066=EDGE_CURVE('',#1605,#1628,#952,.T.);
#2067=EDGE_CURVE('',#1631,#1606,#953,.T.);
#2068=EDGE_CURVE('',#1632,#1633,#208,.T.);
#2069=EDGE_CURVE('',#1632,#1634,#954,.T.);
#2070=EDGE_CURVE('',#1635,#1634,#209,.T.);
#2071=EDGE_CURVE('',#1633,#1635,#955,.T.);
#2072=EDGE_CURVE('',#1633,#1603,#956,.T.);
#2073=EDGE_CURVE('',#1604,#1635,#957,.T.);
#2074=EDGE_CURVE('',#1602,#1632,#958,.T.);
#2075=EDGE_CURVE('',#1634,#1601,#959,.T.);
#2076=EDGE_CURVE('',#1636,#1637,#210,.T.);
#2077=EDGE_CURVE('',#1636,#1638,#960,.T.);
#2078=EDGE_CURVE('',#1639,#1638,#211,.T.);
#2079=EDGE_CURVE('',#1637,#1639,#961,.T.);
#2080=EDGE_CURVE('',#1637,#1599,#962,.T.);
#2081=EDGE_CURVE('',#1600,#1639,#963,.T.);
#2082=EDGE_CURVE('',#1598,#1636,#964,.T.);
#2083=EDGE_CURVE('',#1638,#1597,#965,.T.);
#2084=EDGE_CURVE('',#1640,#1640,#212,.T.);
#2085=EDGE_CURVE('',#1641,#1640,#213,.T.);
#2086=EDGE_CURVE('',#1642,#1642,#214,.T.);
#2087=EDGE_CURVE('',#1642,#1643,#215,.T.);
#2088=EDGE_CURVE('',#1644,#1645,#216,.T.);
#2089=EDGE_CURVE('',#1645,#1646,#966,.T.);
#2090=EDGE_CURVE('',#1646,#1647,#217,.T.);
#2091=EDGE_CURVE('',#1644,#1647,#967,.T.);
#2092=EDGE_CURVE('',#1645,#1596,#968,.T.);
#2093=EDGE_CURVE('',#1595,#1646,#969,.T.);
#2094=EDGE_CURVE('',#1593,#1644,#970,.T.);
#2095=EDGE_CURVE('',#1647,#1594,#971,.T.);
#2096=EDGE_CURVE('',#1648,#1649,#218,.T.);
#2097=EDGE_CURVE('',#1648,#1650,#972,.T.);
#2098=EDGE_CURVE('',#1651,#1650,#219,.T.);
#2099=EDGE_CURVE('',#1649,#1651,#973,.T.);
#2100=EDGE_CURVE('',#1649,#1591,#974,.T.);
#2101=EDGE_CURVE('',#1592,#1651,#975,.T.);
#2102=EDGE_CURVE('',#1590,#1648,#976,.T.);
#2103=EDGE_CURVE('',#1650,#1589,#977,.T.);
#2104=EDGE_CURVE('',#1652,#1653,#21,.T.);
#2105=EDGE_CURVE('',#1653,#1574,#978,.T.);
#2106=EDGE_CURVE('',#1652,#1573,#979,.T.);
#2107=EDGE_CURVE('',#1654,#1652,#22,.T.);
#2108=EDGE_CURVE('',#1655,#1654,#980,.T.);
#2109=EDGE_CURVE('',#1656,#1655,#23,.T.);
#2110=EDGE_CURVE('',#1657,#1656,#24,.T.);
#2111=EDGE_CURVE('',#1657,#1653,#981,.T.);
#2112=EDGE_CURVE('',#1572,#1654,#982,.T.);
#2113=EDGE_CURVE('',#1575,#1657,#983,.T.);
#2114=EDGE_CURVE('',#1576,#1656,#984,.T.);
#2115=EDGE_CURVE('',#1655,#1577,#985,.T.);
#2116=EDGE_CURVE('',#1585,#1613,#986,.F.);
#2117=EDGE_CURVE('',#1568,#1658,#987,.T.);
#2118=EDGE_CURVE('',#1658,#1659,#988,.T.);
#2119=EDGE_CURVE('',#1659,#1569,#989,.T.);
#2120=EDGE_CURVE('',#1660,#1659,#990,.F.);
#2121=EDGE_CURVE('',#1566,#1660,#991,.F.);
#2122=EDGE_CURVE('',#1661,#1658,#992,.T.);
#2123=EDGE_CURVE('',#1661,#1660,#993,.T.);
#2124=EDGE_CURVE('',#1567,#1661,#994,.T.);
#2125=EDGE_CURVE('',#1662,#1565,#220,.T.);
#2126=EDGE_CURVE('',#1663,#1662,#995,.T.);
#2127=EDGE_CURVE('',#1664,#1663,#221,.T.);
#2128=EDGE_CURVE('',#1562,#1664,#996,.T.);
#2129=EDGE_CURVE('',#1554,#1664,#997,.T.);
#2130=EDGE_CURVE('',#1552,#1663,#998,.T.);
#2131=EDGE_CURVE('',#1550,#1662,#999,.T.);
#2132=ORIENTED_EDGE('',*,*,#1665,.T.);
#2133=ORIENTED_EDGE('',*,*,#1666,.T.);
#2134=ORIENTED_EDGE('',*,*,#1667,.T.);
#2135=ORIENTED_EDGE('',*,*,#1668,.T.);
#2136=ORIENTED_EDGE('',*,*,#1665,.F.);
#2137=ORIENTED_EDGE('',*,*,#1669,.T.);
#2138=ORIENTED_EDGE('',*,*,#1670,.T.);
#2139=ORIENTED_EDGE('',*,*,#1671,.T.);
#2140=ORIENTED_EDGE('',*,*,#1672,.T.);
#2141=ORIENTED_EDGE('',*,*,#1673,.T.);
#2142=ORIENTED_EDGE('',*,*,#1670,.F.);
#2143=ORIENTED_EDGE('',*,*,#1674,.T.);
#2144=ORIENTED_EDGE('',*,*,#1672,.F.);
#2145=ORIENTED_EDGE('',*,*,#1675,.T.);
#2146=ORIENTED_EDGE('',*,*,#1676,.T.);
#2147=ORIENTED_EDGE('',*,*,#1677,.T.);
#2148=ORIENTED_EDGE('',*,*,#1678,.T.);
#2149=ORIENTED_EDGE('',*,*,#1679,.T.);
#2150=ORIENTED_EDGE('',*,*,#1676,.F.);
#2151=ORIENTED_EDGE('',*,*,#1680,.T.);
#2152=ORIENTED_EDGE('',*,*,#1678,.F.);
#2153=ORIENTED_EDGE('',*,*,#1681,.T.);
#2154=ORIENTED_EDGE('',*,*,#1682,.T.);
#2155=ORIENTED_EDGE('',*,*,#1683,.T.);
#2156=ORIENTED_EDGE('',*,*,#1684,.T.);
#2157=ORIENTED_EDGE('',*,*,#1685,.T.);
#2158=ORIENTED_EDGE('',*,*,#1682,.F.);
#2159=ORIENTED_EDGE('',*,*,#1686,.T.);
#2160=ORIENTED_EDGE('',*,*,#1684,.F.);
#2161=ORIENTED_EDGE('',*,*,#1687,.T.);
#2162=ORIENTED_EDGE('',*,*,#1667,.F.);
#2163=ORIENTED_EDGE('',*,*,#1688,.T.);
#2164=ORIENTED_EDGE('',*,*,#1675,.F.);
#2165=ORIENTED_EDGE('',*,*,#1689,.T.);
#2166=ORIENTED_EDGE('',*,*,#1690,.T.);
#2167=ORIENTED_EDGE('',*,*,#1691,.T.);
#2168=ORIENTED_EDGE('',*,*,#1674,.F.);
#2169=ORIENTED_EDGE('',*,*,#1692,.F.);
#2170=ORIENTED_EDGE('',*,*,#1693,.T.);
#2171=ORIENTED_EDGE('',*,*,#1689,.F.);
#2172=ORIENTED_EDGE('',*,*,#1669,.F.);
#2173=ORIENTED_EDGE('',*,*,#1694,.T.);
#2174=ORIENTED_EDGE('',*,*,#1695,.T.);
#2175=ORIENTED_EDGE('',*,*,#1692,.T.);
#2176=ORIENTED_EDGE('',*,*,#1668,.F.);
#2177=ORIENTED_EDGE('',*,*,#1696,.F.);
#2178=ORIENTED_EDGE('',*,*,#1697,.T.);
#2179=ORIENTED_EDGE('',*,*,#1694,.F.);
#2180=ORIENTED_EDGE('',*,*,#1698,.T.);
#2181=ORIENTED_EDGE('',*,*,#1699,.T.);
#2182=ORIENTED_EDGE('',*,*,#1700,.T.);
#2183=ORIENTED_EDGE('',*,*,#1701,.T.);
#2184=ORIENTED_EDGE('',*,*,#1666,.F.);
#2185=ORIENTED_EDGE('',*,*,#1671,.F.);
#2186=ORIENTED_EDGE('',*,*,#1673,.F.);
#2187=ORIENTED_EDGE('',*,*,#1677,.F.);
#2188=ORIENTED_EDGE('',*,*,#1679,.F.);
#2189=ORIENTED_EDGE('',*,*,#1683,.F.);
#2190=ORIENTED_EDGE('',*,*,#1685,.F.);
#2191=ORIENTED_EDGE('',*,*,#1688,.F.);
#2192=ORIENTED_EDGE('',*,*,#1702,.F.);
#2193=ORIENTED_EDGE('',*,*,#1703,.F.);
#2194=ORIENTED_EDGE('',*,*,#1704,.T.);
#2195=ORIENTED_EDGE('',*,*,#1705,.T.);
#2196=ORIENTED_EDGE('',*,*,#1706,.F.);
#2197=ORIENTED_EDGE('',*,*,#1707,.F.);
#2198=ORIENTED_EDGE('',*,*,#1708,.F.);
#2199=ORIENTED_EDGE('',*,*,#1709,.F.);
#2200=ORIENTED_EDGE('',*,*,#1710,.F.);
#2201=ORIENTED_EDGE('',*,*,#1711,.F.);
#2202=ORIENTED_EDGE('',*,*,#1712,.F.);
#2203=ORIENTED_EDGE('',*,*,#1713,.F.);
#2204=ORIENTED_EDGE('',*,*,#1714,.T.);
#2205=ORIENTED_EDGE('',*,*,#1715,.F.);
#2206=ORIENTED_EDGE('',*,*,#1716,.F.);
#2207=ORIENTED_EDGE('',*,*,#1717,.F.);
#2208=ORIENTED_EDGE('',*,*,#1718,.F.);
#2209=ORIENTED_EDGE('',*,*,#1719,.T.);
#2210=ORIENTED_EDGE('',*,*,#1720,.T.);
#2211=ORIENTED_EDGE('',*,*,#1721,.T.);
#2212=ORIENTED_EDGE('',*,*,#1722,.F.);
#2213=ORIENTED_EDGE('',*,*,#1723,.F.);
#2214=ORIENTED_EDGE('',*,*,#1724,.F.);
#2215=ORIENTED_EDGE('',*,*,#1725,.T.);
#2216=ORIENTED_EDGE('',*,*,#1726,.T.);
#2217=ORIENTED_EDGE('',*,*,#1727,.F.);
#2218=ORIENTED_EDGE('',*,*,#1728,.F.);
#2219=ORIENTED_EDGE('',*,*,#1729,.F.);
#2220=ORIENTED_EDGE('',*,*,#1730,.F.);
#2221=ORIENTED_EDGE('',*,*,#1731,.F.);
#2222=ORIENTED_EDGE('',*,*,#1732,.T.);
#2223=ORIENTED_EDGE('',*,*,#1733,.T.);
#2224=ORIENTED_EDGE('',*,*,#1734,.T.);
#2225=ORIENTED_EDGE('',*,*,#1735,.F.);
#2226=ORIENTED_EDGE('',*,*,#1736,.F.);
#2227=ORIENTED_EDGE('',*,*,#1737,.F.);
#2228=ORIENTED_EDGE('',*,*,#1738,.T.);
#2229=ORIENTED_EDGE('',*,*,#1739,.F.);
#2230=ORIENTED_EDGE('',*,*,#1740,.F.);
#2231=ORIENTED_EDGE('',*,*,#1741,.F.);
#2232=ORIENTED_EDGE('',*,*,#1742,.T.);
#2233=ORIENTED_EDGE('',*,*,#1743,.T.);
#2234=ORIENTED_EDGE('',*,*,#1744,.T.);
#2235=ORIENTED_EDGE('',*,*,#1745,.T.);
#2236=ORIENTED_EDGE('',*,*,#1743,.F.);
#2237=ORIENTED_EDGE('',*,*,#1746,.F.);
#2238=ORIENTED_EDGE('',*,*,#1747,.F.);
#2239=ORIENTED_EDGE('',*,*,#1748,.T.);
#2240=ORIENTED_EDGE('',*,*,#1749,.F.);
#2241=ORIENTED_EDGE('',*,*,#1750,.F.);
#2242=ORIENTED_EDGE('',*,*,#1751,.F.);
#2243=ORIENTED_EDGE('',*,*,#1752,.F.);
#2244=ORIENTED_EDGE('',*,*,#1742,.F.);
#2245=ORIENTED_EDGE('',*,*,#1753,.T.);
#2246=ORIENTED_EDGE('',*,*,#1754,.F.);
#2247=ORIENTED_EDGE('',*,*,#1755,.T.);
#2248=ORIENTED_EDGE('',*,*,#1756,.F.);
#2249=ORIENTED_EDGE('',*,*,#1757,.T.);
#2250=ORIENTED_EDGE('',*,*,#1758,.F.);
#2251=ORIENTED_EDGE('',*,*,#1750,.T.);
#2252=ORIENTED_EDGE('',*,*,#1759,.F.);
#2253=ORIENTED_EDGE('',*,*,#1760,.F.);
#2254=ORIENTED_EDGE('',*,*,#1761,.F.);
#2255=ORIENTED_EDGE('',*,*,#1762,.F.);
#2256=ORIENTED_EDGE('',*,*,#1763,.F.);
#2257=ORIENTED_EDGE('',*,*,#1746,.T.);
#2258=ORIENTED_EDGE('',*,*,#1695,.F.);
#2259=ORIENTED_EDGE('',*,*,#1697,.F.);
#2260=ORIENTED_EDGE('',*,*,#1764,.F.);
#2261=ORIENTED_EDGE('',*,*,#1765,.F.);
#2262=ORIENTED_EDGE('',*,*,#1766,.F.);
#2263=ORIENTED_EDGE('',*,*,#1767,.F.);
#2264=ORIENTED_EDGE('',*,*,#1690,.F.);
#2265=ORIENTED_EDGE('',*,*,#1693,.F.);
#2266=ORIENTED_EDGE('',*,*,#1754,.T.);
#2267=ORIENTED_EDGE('',*,*,#1768,.T.);
#2268=ORIENTED_EDGE('',*,*,#1769,.T.);
#2269=ORIENTED_EDGE('',*,*,#1770,.T.);
#2270=ORIENTED_EDGE('',*,*,#1770,.F.);
#2271=ORIENTED_EDGE('',*,*,#1771,.F.);
#2272=ORIENTED_EDGE('',*,*,#1772,.F.);
#2273=ORIENTED_EDGE('',*,*,#1755,.F.);
#2274=ORIENTED_EDGE('',*,*,#1773,.T.);
#2275=ORIENTED_EDGE('',*,*,#1774,.T.);
#2276=ORIENTED_EDGE('',*,*,#1775,.T.);
#2277=ORIENTED_EDGE('',*,*,#1776,.T.);
#2278=ORIENTED_EDGE('',*,*,#1777,.T.);
#2279=ORIENTED_EDGE('',*,*,#1778,.T.);
#2280=ORIENTED_EDGE('',*,*,#1779,.T.);
#2281=ORIENTED_EDGE('',*,*,#1780,.T.);
#2282=ORIENTED_EDGE('',*,*,#1781,.T.);
#2283=ORIENTED_EDGE('',*,*,#1782,.T.);
#2284=ORIENTED_EDGE('',*,*,#1783,.T.);
#2285=ORIENTED_EDGE('',*,*,#1784,.T.);
#2286=ORIENTED_EDGE('',*,*,#1756,.T.);
#2287=ORIENTED_EDGE('',*,*,#1772,.T.);
#2288=ORIENTED_EDGE('',*,*,#1785,.T.);
#2289=ORIENTED_EDGE('',*,*,#1786,.T.);
#2290=ORIENTED_EDGE('',*,*,#1758,.T.);
#2291=ORIENTED_EDGE('',*,*,#1787,.T.);
#2292=ORIENTED_EDGE('',*,*,#1788,.T.);
#2293=ORIENTED_EDGE('',*,*,#1751,.T.);
#2294=ORIENTED_EDGE('',*,*,#1789,.F.);
#2295=ORIENTED_EDGE('',*,*,#1790,.T.);
#2296=ORIENTED_EDGE('',*,*,#1790,.F.);
#2297=ORIENTED_EDGE('',*,*,#1791,.F.);
#2298=ORIENTED_EDGE('',*,*,#1792,.T.);
#2299=ORIENTED_EDGE('',*,*,#1792,.F.);
#2300=ORIENTED_EDGE('',*,*,#1793,.F.);
#2301=ORIENTED_EDGE('',*,*,#1794,.F.);
#2302=ORIENTED_EDGE('',*,*,#1794,.T.);
#2303=ORIENTED_EDGE('',*,*,#1795,.F.);
#2304=ORIENTED_EDGE('',*,*,#1796,.F.);
#2305=ORIENTED_EDGE('',*,*,#1796,.T.);
#2306=ORIENTED_EDGE('',*,*,#1797,.F.);
#2307=ORIENTED_EDGE('',*,*,#1798,.T.);
#2308=ORIENTED_EDGE('',*,*,#1798,.F.);
#2309=ORIENTED_EDGE('',*,*,#1799,.F.);
#2310=ORIENTED_EDGE('',*,*,#1800,.F.);
#2311=ORIENTED_EDGE('',*,*,#1800,.T.);
#2312=ORIENTED_EDGE('',*,*,#1801,.T.);
#2313=ORIENTED_EDGE('',*,*,#1775,.F.);
#2314=ORIENTED_EDGE('',*,*,#1802,.F.);
#2315=ORIENTED_EDGE('',*,*,#1803,.F.);
#2316=ORIENTED_EDGE('',*,*,#1804,.F.);
#2317=ORIENTED_EDGE('',*,*,#1803,.T.);
#2318=ORIENTED_EDGE('',*,*,#1805,.F.);
#2319=ORIENTED_EDGE('',*,*,#1806,.F.);
#2320=ORIENTED_EDGE('',*,*,#1807,.F.);
#2321=ORIENTED_EDGE('',*,*,#1806,.T.);
#2322=ORIENTED_EDGE('',*,*,#1808,.F.);
#2323=ORIENTED_EDGE('',*,*,#1773,.F.);
#2324=ORIENTED_EDGE('',*,*,#1807,.T.);
#2325=ORIENTED_EDGE('',*,*,#1776,.F.);
#2326=ORIENTED_EDGE('',*,*,#1801,.F.);
#2327=ORIENTED_EDGE('',*,*,#1804,.T.);
#2328=ORIENTED_EDGE('',*,*,#1789,.T.);
#2329=ORIENTED_EDGE('',*,*,#1808,.T.);
#2330=ORIENTED_EDGE('',*,*,#1805,.T.);
#2331=ORIENTED_EDGE('',*,*,#1802,.T.);
#2332=ORIENTED_EDGE('',*,*,#1774,.F.);
#2333=ORIENTED_EDGE('',*,*,#1793,.T.);
#2334=ORIENTED_EDGE('',*,*,#1809,.T.);
#2335=ORIENTED_EDGE('',*,*,#1779,.F.);
#2336=ORIENTED_EDGE('',*,*,#1810,.F.);
#2337=ORIENTED_EDGE('',*,*,#1811,.F.);
#2338=ORIENTED_EDGE('',*,*,#1812,.F.);
#2339=ORIENTED_EDGE('',*,*,#1811,.T.);
#2340=ORIENTED_EDGE('',*,*,#1813,.F.);
#2341=ORIENTED_EDGE('',*,*,#1814,.F.);
#2342=ORIENTED_EDGE('',*,*,#1815,.F.);
#2343=ORIENTED_EDGE('',*,*,#1814,.T.);
#2344=ORIENTED_EDGE('',*,*,#1816,.F.);
#2345=ORIENTED_EDGE('',*,*,#1777,.F.);
#2346=ORIENTED_EDGE('',*,*,#1815,.T.);
#2347=ORIENTED_EDGE('',*,*,#1780,.F.);
#2348=ORIENTED_EDGE('',*,*,#1809,.F.);
#2349=ORIENTED_EDGE('',*,*,#1812,.T.);
#2350=ORIENTED_EDGE('',*,*,#1791,.T.);
#2351=ORIENTED_EDGE('',*,*,#1816,.T.);
#2352=ORIENTED_EDGE('',*,*,#1813,.T.);
#2353=ORIENTED_EDGE('',*,*,#1810,.T.);
#2354=ORIENTED_EDGE('',*,*,#1778,.F.);
#2355=ORIENTED_EDGE('',*,*,#1795,.T.);
#2356=ORIENTED_EDGE('',*,*,#1817,.T.);
#2357=ORIENTED_EDGE('',*,*,#1783,.F.);
#2358=ORIENTED_EDGE('',*,*,#1818,.F.);
#2359=ORIENTED_EDGE('',*,*,#1819,.F.);
#2360=ORIENTED_EDGE('',*,*,#1820,.F.);
#2361=ORIENTED_EDGE('',*,*,#1819,.T.);
#2362=ORIENTED_EDGE('',*,*,#1821,.F.);
#2363=ORIENTED_EDGE('',*,*,#1822,.F.);
#2364=ORIENTED_EDGE('',*,*,#1823,.F.);
#2365=ORIENTED_EDGE('',*,*,#1822,.T.);
#2366=ORIENTED_EDGE('',*,*,#1824,.F.);
#2367=ORIENTED_EDGE('',*,*,#1781,.F.);
#2368=ORIENTED_EDGE('',*,*,#1823,.T.);
#2369=ORIENTED_EDGE('',*,*,#1784,.F.);
#2370=ORIENTED_EDGE('',*,*,#1817,.F.);
#2371=ORIENTED_EDGE('',*,*,#1820,.T.);
#2372=ORIENTED_EDGE('',*,*,#1797,.T.);
#2373=ORIENTED_EDGE('',*,*,#1824,.T.);
#2374=ORIENTED_EDGE('',*,*,#1821,.T.);
#2375=ORIENTED_EDGE('',*,*,#1818,.T.);
#2376=ORIENTED_EDGE('',*,*,#1782,.F.);
#2377=ORIENTED_EDGE('',*,*,#1799,.T.);
#2378=ORIENTED_EDGE('',*,*,#1825,.T.);
#2379=ORIENTED_EDGE('',*,*,#1747,.T.);
#2380=ORIENTED_EDGE('',*,*,#1763,.T.);
#2381=ORIENTED_EDGE('',*,*,#1826,.F.);
#2382=ORIENTED_EDGE('',*,*,#1762,.T.);
#2383=ORIENTED_EDGE('',*,*,#1827,.T.);
#2384=ORIENTED_EDGE('',*,*,#1828,.T.);
#2385=ORIENTED_EDGE('',*,*,#1826,.T.);
#2386=ORIENTED_EDGE('',*,*,#1828,.F.);
#2387=ORIENTED_EDGE('',*,*,#1829,.T.);
#2388=ORIENTED_EDGE('',*,*,#1830,.F.);
#2389=ORIENTED_EDGE('',*,*,#1831,.F.);
#2390=ORIENTED_EDGE('',*,*,#1748,.F.);
#2391=ORIENTED_EDGE('',*,*,#1825,.F.);
#2392=ORIENTED_EDGE('',*,*,#1830,.T.);
#2393=ORIENTED_EDGE('',*,*,#1832,.T.);
#2394=ORIENTED_EDGE('',*,*,#1760,.T.);
#2395=ORIENTED_EDGE('',*,*,#1833,.F.);
#2396=ORIENTED_EDGE('',*,*,#1831,.T.);
#2397=ORIENTED_EDGE('',*,*,#1833,.T.);
#2398=ORIENTED_EDGE('',*,*,#1759,.T.);
#2399=ORIENTED_EDGE('',*,*,#1749,.T.);
#2400=ORIENTED_EDGE('',*,*,#1827,.F.);
#2401=ORIENTED_EDGE('',*,*,#1761,.T.);
#2402=ORIENTED_EDGE('',*,*,#1832,.F.);
#2403=ORIENTED_EDGE('',*,*,#1829,.F.);
#2404=ORIENTED_EDGE('',*,*,#1834,.F.);
#2405=ORIENTED_EDGE('',*,*,#1700,.F.);
#2406=ORIENTED_EDGE('',*,*,#1835,.F.);
#2407=ORIENTED_EDGE('',*,*,#1836,.F.);
#2408=ORIENTED_EDGE('',*,*,#1837,.T.);
#2409=ORIENTED_EDGE('',*,*,#1836,.T.);
#2410=ORIENTED_EDGE('',*,*,#1838,.F.);
#2411=ORIENTED_EDGE('',*,*,#1839,.F.);
#2412=ORIENTED_EDGE('',*,*,#1840,.T.);
#2413=ORIENTED_EDGE('',*,*,#1839,.T.);
#2414=ORIENTED_EDGE('',*,*,#1841,.F.);
#2415=ORIENTED_EDGE('',*,*,#1698,.F.);
#2416=ORIENTED_EDGE('',*,*,#1701,.F.);
#2417=ORIENTED_EDGE('',*,*,#1834,.T.);
#2418=ORIENTED_EDGE('',*,*,#1837,.F.);
#2419=ORIENTED_EDGE('',*,*,#1840,.F.);
#2420=ORIENTED_EDGE('',*,*,#1699,.F.);
#2421=ORIENTED_EDGE('',*,*,#1841,.T.);
#2422=ORIENTED_EDGE('',*,*,#1838,.T.);
#2423=ORIENTED_EDGE('',*,*,#1835,.T.);
#2424=ORIENTED_EDGE('',*,*,#1681,.F.);
#2425=ORIENTED_EDGE('',*,*,#1842,.T.);
#2426=ORIENTED_EDGE('',*,*,#1766,.T.);
#2427=ORIENTED_EDGE('',*,*,#1843,.T.);
#2428=ORIENTED_EDGE('',*,*,#1686,.F.);
#2429=ORIENTED_EDGE('',*,*,#1843,.F.);
#2430=ORIENTED_EDGE('',*,*,#1765,.T.);
#2431=ORIENTED_EDGE('',*,*,#1844,.F.);
#2432=ORIENTED_EDGE('',*,*,#1687,.F.);
#2433=ORIENTED_EDGE('',*,*,#1844,.T.);
#2434=ORIENTED_EDGE('',*,*,#1764,.T.);
#2435=ORIENTED_EDGE('',*,*,#1696,.T.);
#2436=ORIENTED_EDGE('',*,*,#1680,.F.);
#2437=ORIENTED_EDGE('',*,*,#1691,.F.);
#2438=ORIENTED_EDGE('',*,*,#1767,.T.);
#2439=ORIENTED_EDGE('',*,*,#1842,.F.);
#2440=ORIENTED_EDGE('',*,*,#1745,.F.);
#2441=ORIENTED_EDGE('',*,*,#1845,.F.);
#2442=ORIENTED_EDGE('',*,*,#1768,.F.);
#2443=ORIENTED_EDGE('',*,*,#1753,.F.);
#2444=ORIENTED_EDGE('',*,*,#1786,.F.);
#2445=ORIENTED_EDGE('',*,*,#1846,.F.);
#2446=ORIENTED_EDGE('',*,*,#1787,.F.);
#2447=ORIENTED_EDGE('',*,*,#1757,.F.);
#2448=ORIENTED_EDGE('',*,*,#1847,.F.);
#2449=ORIENTED_EDGE('',*,*,#1848,.T.);
#2450=ORIENTED_EDGE('',*,*,#1849,.F.);
#2451=ORIENTED_EDGE('',*,*,#1850,.T.);
#2452=ORIENTED_EDGE('',*,*,#1847,.T.);
#2453=ORIENTED_EDGE('',*,*,#1851,.T.);
#2454=ORIENTED_EDGE('',*,*,#1721,.F.);
#2455=ORIENTED_EDGE('',*,*,#1852,.F.);
#2456=ORIENTED_EDGE('',*,*,#1853,.T.);
#2457=ORIENTED_EDGE('',*,*,#1850,.F.);
#2458=ORIENTED_EDGE('',*,*,#1854,.F.);
#2459=ORIENTED_EDGE('',*,*,#1718,.T.);
#2460=ORIENTED_EDGE('',*,*,#1851,.F.);
#2461=ORIENTED_EDGE('',*,*,#1855,.F.);
#2462=ORIENTED_EDGE('',*,*,#1856,.T.);
#2463=ORIENTED_EDGE('',*,*,#1857,.F.);
#2464=ORIENTED_EDGE('',*,*,#1858,.T.);
#2465=ORIENTED_EDGE('',*,*,#1855,.T.);
#2466=ORIENTED_EDGE('',*,*,#1859,.T.);
#2467=ORIENTED_EDGE('',*,*,#1706,.T.);
#2468=ORIENTED_EDGE('',*,*,#1860,.F.);
#2469=ORIENTED_EDGE('',*,*,#1861,.F.);
#2470=ORIENTED_EDGE('',*,*,#1858,.F.);
#2471=ORIENTED_EDGE('',*,*,#1862,.T.);
#2472=ORIENTED_EDGE('',*,*,#1707,.T.);
#2473=ORIENTED_EDGE('',*,*,#1859,.F.);
#2474=ORIENTED_EDGE('',*,*,#1863,.F.);
#2475=ORIENTED_EDGE('',*,*,#1864,.T.);
#2476=ORIENTED_EDGE('',*,*,#1865,.F.);
#2477=ORIENTED_EDGE('',*,*,#1866,.T.);
#2478=ORIENTED_EDGE('',*,*,#1863,.T.);
#2479=ORIENTED_EDGE('',*,*,#1867,.T.);
#2480=ORIENTED_EDGE('',*,*,#1725,.F.);
#2481=ORIENTED_EDGE('',*,*,#1868,.T.);
#2482=ORIENTED_EDGE('',*,*,#1869,.T.);
#2483=ORIENTED_EDGE('',*,*,#1866,.F.);
#2484=ORIENTED_EDGE('',*,*,#1870,.T.);
#2485=ORIENTED_EDGE('',*,*,#1722,.T.);
#2486=ORIENTED_EDGE('',*,*,#1867,.F.);
#2487=ORIENTED_EDGE('',*,*,#1871,.F.);
#2488=ORIENTED_EDGE('',*,*,#1872,.T.);
#2489=ORIENTED_EDGE('',*,*,#1873,.F.);
#2490=ORIENTED_EDGE('',*,*,#1874,.T.);
#2491=ORIENTED_EDGE('',*,*,#1871,.T.);
#2492=ORIENTED_EDGE('',*,*,#1875,.T.);
#2493=ORIENTED_EDGE('',*,*,#1710,.T.);
#2494=ORIENTED_EDGE('',*,*,#1876,.F.);
#2495=ORIENTED_EDGE('',*,*,#1877,.F.);
#2496=ORIENTED_EDGE('',*,*,#1874,.F.);
#2497=ORIENTED_EDGE('',*,*,#1878,.T.);
#2498=ORIENTED_EDGE('',*,*,#1711,.T.);
#2499=ORIENTED_EDGE('',*,*,#1875,.F.);
#2500=ORIENTED_EDGE('',*,*,#1879,.F.);
#2501=ORIENTED_EDGE('',*,*,#1880,.T.);
#2502=ORIENTED_EDGE('',*,*,#1881,.F.);
#2503=ORIENTED_EDGE('',*,*,#1882,.T.);
#2504=ORIENTED_EDGE('',*,*,#1881,.T.);
#2505=ORIENTED_EDGE('',*,*,#1883,.F.);
#2506=ORIENTED_EDGE('',*,*,#1741,.T.);
#2507=ORIENTED_EDGE('',*,*,#1884,.F.);
#2508=ORIENTED_EDGE('',*,*,#1885,.F.);
#2509=ORIENTED_EDGE('',*,*,#1880,.F.);
#2510=ORIENTED_EDGE('',*,*,#1886,.T.);
#2511=ORIENTED_EDGE('',*,*,#1738,.F.);
#2512=ORIENTED_EDGE('',*,*,#1883,.T.);
#2513=ORIENTED_EDGE('',*,*,#1887,.F.);
#2514=ORIENTED_EDGE('',*,*,#1888,.T.);
#2515=ORIENTED_EDGE('',*,*,#1889,.F.);
#2516=ORIENTED_EDGE('',*,*,#1890,.T.);
#2517=ORIENTED_EDGE('',*,*,#1887,.T.);
#2518=ORIENTED_EDGE('',*,*,#1891,.F.);
#2519=ORIENTED_EDGE('',*,*,#1892,.T.);
#2520=ORIENTED_EDGE('',*,*,#1730,.T.);
#2521=ORIENTED_EDGE('',*,*,#1893,.F.);
#2522=ORIENTED_EDGE('',*,*,#1890,.F.);
#2523=ORIENTED_EDGE('',*,*,#1894,.F.);
#2524=ORIENTED_EDGE('',*,*,#1895,.T.);
#2525=ORIENTED_EDGE('',*,*,#1891,.T.);
#2526=ORIENTED_EDGE('',*,*,#1896,.F.);
#2527=ORIENTED_EDGE('',*,*,#1897,.T.);
#2528=ORIENTED_EDGE('',*,*,#1898,.F.);
#2529=ORIENTED_EDGE('',*,*,#1899,.T.);
#2530=ORIENTED_EDGE('',*,*,#1898,.T.);
#2531=ORIENTED_EDGE('',*,*,#1900,.F.);
#2532=ORIENTED_EDGE('',*,*,#1737,.T.);
#2533=ORIENTED_EDGE('',*,*,#1901,.F.);
#2534=ORIENTED_EDGE('',*,*,#1902,.F.);
#2535=ORIENTED_EDGE('',*,*,#1897,.F.);
#2536=ORIENTED_EDGE('',*,*,#1903,.T.);
#2537=ORIENTED_EDGE('',*,*,#1734,.F.);
#2538=ORIENTED_EDGE('',*,*,#1900,.T.);
#2539=ORIENTED_EDGE('',*,*,#1904,.F.);
#2540=ORIENTED_EDGE('',*,*,#1905,.T.);
#2541=ORIENTED_EDGE('',*,*,#1906,.F.);
#2542=ORIENTED_EDGE('',*,*,#1907,.T.);
#2543=ORIENTED_EDGE('',*,*,#1906,.T.);
#2544=ORIENTED_EDGE('',*,*,#1908,.F.);
#2545=ORIENTED_EDGE('',*,*,#1729,.T.);
#2546=ORIENTED_EDGE('',*,*,#1909,.F.);
#2547=ORIENTED_EDGE('',*,*,#1910,.F.);
#2548=ORIENTED_EDGE('',*,*,#1905,.F.);
#2549=ORIENTED_EDGE('',*,*,#1911,.T.);
#2550=ORIENTED_EDGE('',*,*,#1726,.F.);
#2551=ORIENTED_EDGE('',*,*,#1908,.T.);
#2552=ORIENTED_EDGE('',*,*,#1912,.F.);
#2553=ORIENTED_EDGE('',*,*,#1913,.T.);
#2554=ORIENTED_EDGE('',*,*,#1914,.F.);
#2555=ORIENTED_EDGE('',*,*,#1915,.T.);
#2556=ORIENTED_EDGE('',*,*,#1914,.T.);
#2557=ORIENTED_EDGE('',*,*,#1916,.F.);
#2558=ORIENTED_EDGE('',*,*,#1717,.T.);
#2559=ORIENTED_EDGE('',*,*,#1917,.F.);
#2560=ORIENTED_EDGE('',*,*,#1918,.F.);
#2561=ORIENTED_EDGE('',*,*,#1913,.F.);
#2562=ORIENTED_EDGE('',*,*,#1919,.T.);
#2563=ORIENTED_EDGE('',*,*,#1714,.F.);
#2564=ORIENTED_EDGE('',*,*,#1916,.T.);
#2565=ORIENTED_EDGE('',*,*,#1873,.T.);
#2566=ORIENTED_EDGE('',*,*,#1920,.F.);
#2567=ORIENTED_EDGE('',*,*,#1921,.T.);
#2568=ORIENTED_EDGE('',*,*,#1712,.T.);
#2569=ORIENTED_EDGE('',*,*,#1878,.F.);
#2570=ORIENTED_EDGE('',*,*,#1857,.T.);
#2571=ORIENTED_EDGE('',*,*,#1922,.F.);
#2572=ORIENTED_EDGE('',*,*,#1923,.T.);
#2573=ORIENTED_EDGE('',*,*,#1708,.T.);
#2574=ORIENTED_EDGE('',*,*,#1862,.F.);
#2575=ORIENTED_EDGE('',*,*,#1703,.T.);
#2576=ORIENTED_EDGE('',*,*,#1924,.F.);
#2577=ORIENTED_EDGE('',*,*,#1925,.F.);
#2578=ORIENTED_EDGE('',*,*,#1926,.F.);
#2579=ORIENTED_EDGE('',*,*,#1702,.T.);
#2580=ORIENTED_EDGE('',*,*,#1927,.F.);
#2581=ORIENTED_EDGE('',*,*,#1928,.F.);
#2582=ORIENTED_EDGE('',*,*,#1924,.T.);
#2583=ORIENTED_EDGE('',*,*,#1724,.T.);
#2584=ORIENTED_EDGE('',*,*,#1929,.F.);
#2585=ORIENTED_EDGE('',*,*,#1930,.F.);
#2586=ORIENTED_EDGE('',*,*,#1868,.F.);
#2587=ORIENTED_EDGE('',*,*,#1865,.T.);
#2588=ORIENTED_EDGE('',*,*,#1931,.F.);
#2589=ORIENTED_EDGE('',*,*,#1929,.T.);
#2590=ORIENTED_EDGE('',*,*,#1723,.T.);
#2591=ORIENTED_EDGE('',*,*,#1870,.F.);
#2592=ORIENTED_EDGE('',*,*,#1731,.T.);
#2593=ORIENTED_EDGE('',*,*,#1892,.F.);
#2594=ORIENTED_EDGE('',*,*,#1895,.F.);
#2595=ORIENTED_EDGE('',*,*,#1932,.F.);
#2596=ORIENTED_EDGE('',*,*,#1740,.T.);
#2597=ORIENTED_EDGE('',*,*,#1933,.F.);
#2598=ORIENTED_EDGE('',*,*,#1934,.F.);
#2599=ORIENTED_EDGE('',*,*,#1884,.T.);
#2600=ORIENTED_EDGE('',*,*,#1713,.T.);
#2601=ORIENTED_EDGE('',*,*,#1921,.F.);
#2602=ORIENTED_EDGE('',*,*,#1935,.F.);
#2603=ORIENTED_EDGE('',*,*,#1876,.T.);
#2604=ORIENTED_EDGE('',*,*,#1709,.T.);
#2605=ORIENTED_EDGE('',*,*,#1923,.F.);
#2606=ORIENTED_EDGE('',*,*,#1936,.F.);
#2607=ORIENTED_EDGE('',*,*,#1860,.T.);
#2608=ORIENTED_EDGE('',*,*,#1879,.T.);
#2609=ORIENTED_EDGE('',*,*,#1937,.F.);
#2610=ORIENTED_EDGE('',*,*,#1933,.T.);
#2611=ORIENTED_EDGE('',*,*,#1739,.T.);
#2612=ORIENTED_EDGE('',*,*,#1886,.F.);
#2613=ORIENTED_EDGE('',*,*,#1736,.T.);
#2614=ORIENTED_EDGE('',*,*,#1938,.F.);
#2615=ORIENTED_EDGE('',*,*,#1939,.F.);
#2616=ORIENTED_EDGE('',*,*,#1901,.T.);
#2617=ORIENTED_EDGE('',*,*,#1896,.T.);
#2618=ORIENTED_EDGE('',*,*,#1940,.F.);
#2619=ORIENTED_EDGE('',*,*,#1938,.T.);
#2620=ORIENTED_EDGE('',*,*,#1735,.T.);
#2621=ORIENTED_EDGE('',*,*,#1903,.F.);
#2622=ORIENTED_EDGE('',*,*,#1728,.T.);
#2623=ORIENTED_EDGE('',*,*,#1941,.F.);
#2624=ORIENTED_EDGE('',*,*,#1942,.F.);
#2625=ORIENTED_EDGE('',*,*,#1909,.T.);
#2626=ORIENTED_EDGE('',*,*,#1904,.T.);
#2627=ORIENTED_EDGE('',*,*,#1943,.F.);
#2628=ORIENTED_EDGE('',*,*,#1941,.T.);
#2629=ORIENTED_EDGE('',*,*,#1727,.T.);
#2630=ORIENTED_EDGE('',*,*,#1911,.F.);
#2631=ORIENTED_EDGE('',*,*,#1716,.T.);
#2632=ORIENTED_EDGE('',*,*,#1944,.F.);
#2633=ORIENTED_EDGE('',*,*,#1945,.F.);
#2634=ORIENTED_EDGE('',*,*,#1917,.T.);
#2635=ORIENTED_EDGE('',*,*,#1912,.T.);
#2636=ORIENTED_EDGE('',*,*,#1946,.F.);
#2637=ORIENTED_EDGE('',*,*,#1944,.T.);
#2638=ORIENTED_EDGE('',*,*,#1715,.T.);
#2639=ORIENTED_EDGE('',*,*,#1919,.F.);
#2640=ORIENTED_EDGE('',*,*,#1889,.T.);
#2641=ORIENTED_EDGE('',*,*,#1947,.T.);
#2642=ORIENTED_EDGE('',*,*,#1732,.F.);
#2643=ORIENTED_EDGE('',*,*,#1932,.T.);
#2644=ORIENTED_EDGE('',*,*,#1894,.T.);
#2645=ORIENTED_EDGE('',*,*,#1927,.T.);
#2646=ORIENTED_EDGE('',*,*,#1705,.F.);
#2647=ORIENTED_EDGE('',*,*,#1948,.F.);
#2648=ORIENTED_EDGE('',*,*,#1949,.T.);
#2649=ORIENTED_EDGE('',*,*,#1849,.T.);
#2650=ORIENTED_EDGE('',*,*,#1950,.T.);
#2651=ORIENTED_EDGE('',*,*,#1951,.T.);
#2652=ORIENTED_EDGE('',*,*,#1719,.F.);
#2653=ORIENTED_EDGE('',*,*,#1854,.T.);
#2654=ORIENTED_EDGE('',*,*,#1926,.T.);
#2655=ORIENTED_EDGE('',*,*,#1952,.T.);
#2656=ORIENTED_EDGE('',*,*,#1948,.T.);
#2657=ORIENTED_EDGE('',*,*,#1704,.F.);
#2658=ORIENTED_EDGE('',*,*,#1888,.F.);
#2659=ORIENTED_EDGE('',*,*,#1893,.T.);
#2660=ORIENTED_EDGE('',*,*,#1733,.F.);
#2661=ORIENTED_EDGE('',*,*,#1947,.F.);
#2662=ORIENTED_EDGE('',*,*,#1856,.F.);
#2663=ORIENTED_EDGE('',*,*,#1861,.T.);
#2664=ORIENTED_EDGE('',*,*,#1936,.T.);
#2665=ORIENTED_EDGE('',*,*,#1922,.T.);
#2666=ORIENTED_EDGE('',*,*,#1899,.F.);
#2667=ORIENTED_EDGE('',*,*,#1902,.T.);
#2668=ORIENTED_EDGE('',*,*,#1939,.T.);
#2669=ORIENTED_EDGE('',*,*,#1940,.T.);
#2670=ORIENTED_EDGE('',*,*,#1907,.F.);
#2671=ORIENTED_EDGE('',*,*,#1910,.T.);
#2672=ORIENTED_EDGE('',*,*,#1942,.T.);
#2673=ORIENTED_EDGE('',*,*,#1943,.T.);
#2674=ORIENTED_EDGE('',*,*,#1915,.F.);
#2675=ORIENTED_EDGE('',*,*,#1918,.T.);
#2676=ORIENTED_EDGE('',*,*,#1945,.T.);
#2677=ORIENTED_EDGE('',*,*,#1946,.T.);
#2678=ORIENTED_EDGE('',*,*,#1928,.T.);
#2679=ORIENTED_EDGE('',*,*,#1949,.F.);
#2680=ORIENTED_EDGE('',*,*,#1952,.F.);
#2681=ORIENTED_EDGE('',*,*,#1925,.T.);
#2682=ORIENTED_EDGE('',*,*,#1848,.F.);
#2683=ORIENTED_EDGE('',*,*,#1853,.F.);
#2684=ORIENTED_EDGE('',*,*,#1953,.F.);
#2685=ORIENTED_EDGE('',*,*,#1950,.F.);
#2686=ORIENTED_EDGE('',*,*,#1864,.F.);
#2687=ORIENTED_EDGE('',*,*,#1869,.F.);
#2688=ORIENTED_EDGE('',*,*,#1930,.T.);
#2689=ORIENTED_EDGE('',*,*,#1931,.T.);
#2690=ORIENTED_EDGE('',*,*,#1882,.F.);
#2691=ORIENTED_EDGE('',*,*,#1885,.T.);
#2692=ORIENTED_EDGE('',*,*,#1934,.T.);
#2693=ORIENTED_EDGE('',*,*,#1937,.T.);
#2694=ORIENTED_EDGE('',*,*,#1953,.T.);
#2695=ORIENTED_EDGE('',*,*,#1852,.T.);
#2696=ORIENTED_EDGE('',*,*,#1720,.F.);
#2697=ORIENTED_EDGE('',*,*,#1951,.F.);
#2698=ORIENTED_EDGE('',*,*,#1872,.F.);
#2699=ORIENTED_EDGE('',*,*,#1877,.T.);
#2700=ORIENTED_EDGE('',*,*,#1935,.T.);
#2701=ORIENTED_EDGE('',*,*,#1920,.T.);
#2702=ORIENTED_EDGE('',*,*,#1744,.F.);
#2703=ORIENTED_EDGE('',*,*,#1752,.T.);
#2704=ORIENTED_EDGE('',*,*,#1788,.F.);
#2705=ORIENTED_EDGE('',*,*,#1846,.T.);
#2706=ORIENTED_EDGE('',*,*,#1785,.F.);
#2707=ORIENTED_EDGE('',*,*,#1771,.T.);
#2708=ORIENTED_EDGE('',*,*,#1769,.F.);
#2709=ORIENTED_EDGE('',*,*,#1845,.T.);
#2710=ORIENTED_EDGE('',*,*,#1954,.T.);
#2711=ORIENTED_EDGE('',*,*,#1955,.T.);
#2712=ORIENTED_EDGE('',*,*,#1956,.T.);
#2713=ORIENTED_EDGE('',*,*,#1957,.T.);
#2714=ORIENTED_EDGE('',*,*,#1958,.T.);
#2715=ORIENTED_EDGE('',*,*,#1959,.T.);
#2716=ORIENTED_EDGE('',*,*,#1954,.F.);
#2717=ORIENTED_EDGE('',*,*,#1960,.T.);
#2718=ORIENTED_EDGE('',*,*,#1961,.T.);
#2719=ORIENTED_EDGE('',*,*,#1962,.T.);
#2720=ORIENTED_EDGE('',*,*,#1958,.F.);
#2721=ORIENTED_EDGE('',*,*,#1963,.T.);
#2722=ORIENTED_EDGE('',*,*,#1964,.T.);
#2723=ORIENTED_EDGE('',*,*,#1965,.T.);
#2724=ORIENTED_EDGE('',*,*,#1961,.F.);
#2725=ORIENTED_EDGE('',*,*,#1966,.T.);
#2726=ORIENTED_EDGE('',*,*,#1967,.T.);
#2727=ORIENTED_EDGE('',*,*,#1968,.T.);
#2728=ORIENTED_EDGE('',*,*,#1964,.F.);
#2729=ORIENTED_EDGE('',*,*,#1969,.T.);
#2730=ORIENTED_EDGE('',*,*,#1970,.T.);
#2731=ORIENTED_EDGE('',*,*,#1971,.T.);
#2732=ORIENTED_EDGE('',*,*,#1967,.F.);
#2733=ORIENTED_EDGE('',*,*,#1972,.T.);
#2734=ORIENTED_EDGE('',*,*,#1973,.T.);
#2735=ORIENTED_EDGE('',*,*,#1974,.T.);
#2736=ORIENTED_EDGE('',*,*,#1970,.F.);
#2737=ORIENTED_EDGE('',*,*,#1975,.T.);
#2738=ORIENTED_EDGE('',*,*,#1956,.F.);
#2739=ORIENTED_EDGE('',*,*,#1976,.T.);
#2740=ORIENTED_EDGE('',*,*,#1973,.F.);
#2741=ORIENTED_EDGE('',*,*,#1977,.T.);
#2742=ORIENTED_EDGE('',*,*,#1971,.F.);
#2743=ORIENTED_EDGE('',*,*,#1978,.T.);
#2744=ORIENTED_EDGE('',*,*,#1979,.T.);
#2745=ORIENTED_EDGE('',*,*,#1980,.F.);
#2746=ORIENTED_EDGE('',*,*,#1974,.F.);
#2747=ORIENTED_EDGE('',*,*,#1981,.T.);
#2748=ORIENTED_EDGE('',*,*,#1982,.T.);
#2749=ORIENTED_EDGE('',*,*,#1978,.F.);
#2750=ORIENTED_EDGE('',*,*,#1976,.F.);
#2751=ORIENTED_EDGE('',*,*,#1983,.T.);
#2752=ORIENTED_EDGE('',*,*,#1984,.T.);
#2753=ORIENTED_EDGE('',*,*,#1981,.F.);
#2754=ORIENTED_EDGE('',*,*,#1955,.F.);
#2755=ORIENTED_EDGE('',*,*,#1985,.T.);
#2756=ORIENTED_EDGE('',*,*,#1986,.T.);
#2757=ORIENTED_EDGE('',*,*,#1983,.F.);
#2758=ORIENTED_EDGE('',*,*,#1987,.T.);
#2759=ORIENTED_EDGE('',*,*,#1988,.T.);
#2760=ORIENTED_EDGE('',*,*,#1989,.T.);
#2761=ORIENTED_EDGE('',*,*,#1990,.T.);
#2762=ORIENTED_EDGE('',*,*,#1991,.F.);
#2763=ORIENTED_EDGE('',*,*,#1992,.F.);
#2764=ORIENTED_EDGE('',*,*,#1993,.F.);
#2765=ORIENTED_EDGE('',*,*,#1994,.F.);
#2766=ORIENTED_EDGE('',*,*,#1995,.F.);
#2767=ORIENTED_EDGE('',*,*,#1996,.F.);
#2768=ORIENTED_EDGE('',*,*,#1997,.F.);
#2769=ORIENTED_EDGE('',*,*,#1998,.F.);
#2770=ORIENTED_EDGE('',*,*,#1999,.F.);
#2771=ORIENTED_EDGE('',*,*,#2000,.F.);
#2772=ORIENTED_EDGE('',*,*,#2001,.F.);
#2773=ORIENTED_EDGE('',*,*,#2002,.F.);
#2774=ORIENTED_EDGE('',*,*,#2003,.F.);
#2775=ORIENTED_EDGE('',*,*,#2004,.F.);
#2776=ORIENTED_EDGE('',*,*,#1957,.F.);
#2777=ORIENTED_EDGE('',*,*,#1977,.F.);
#2778=ORIENTED_EDGE('',*,*,#1975,.F.);
#2779=ORIENTED_EDGE('',*,*,#1972,.F.);
#2780=ORIENTED_EDGE('',*,*,#1969,.F.);
#2781=ORIENTED_EDGE('',*,*,#1966,.F.);
#2782=ORIENTED_EDGE('',*,*,#1963,.F.);
#2783=ORIENTED_EDGE('',*,*,#1960,.F.);
#2784=ORIENTED_EDGE('',*,*,#2005,.T.);
#2785=ORIENTED_EDGE('',*,*,#2006,.T.);
#2786=ORIENTED_EDGE('',*,*,#1991,.T.);
#2787=ORIENTED_EDGE('',*,*,#2007,.T.);
#2788=ORIENTED_EDGE('',*,*,#2007,.F.);
#2789=ORIENTED_EDGE('',*,*,#2004,.T.);
#2790=ORIENTED_EDGE('',*,*,#2008,.F.);
#2791=ORIENTED_EDGE('',*,*,#2009,.T.);
#2792=ORIENTED_EDGE('',*,*,#2010,.T.);
#2793=ORIENTED_EDGE('',*,*,#2008,.T.);
#2794=ORIENTED_EDGE('',*,*,#2003,.T.);
#2795=ORIENTED_EDGE('',*,*,#2011,.T.);
#2796=ORIENTED_EDGE('',*,*,#2011,.F.);
#2797=ORIENTED_EDGE('',*,*,#2002,.T.);
#2798=ORIENTED_EDGE('',*,*,#2012,.F.);
#2799=ORIENTED_EDGE('',*,*,#2013,.T.);
#2800=ORIENTED_EDGE('',*,*,#2014,.T.);
#2801=ORIENTED_EDGE('',*,*,#2015,.T.);
#2802=ORIENTED_EDGE('',*,*,#2016,.T.);
#2803=ORIENTED_EDGE('',*,*,#2017,.T.);
#2804=ORIENTED_EDGE('',*,*,#2018,.T.);
#2805=ORIENTED_EDGE('',*,*,#2019,.T.);
#2806=ORIENTED_EDGE('',*,*,#2020,.T.);
#2807=ORIENTED_EDGE('',*,*,#2021,.T.);
#2808=ORIENTED_EDGE('',*,*,#2022,.T.);
#2809=ORIENTED_EDGE('',*,*,#2023,.T.);
#2810=ORIENTED_EDGE('',*,*,#2024,.T.);
#2811=ORIENTED_EDGE('',*,*,#2025,.T.);
#2812=ORIENTED_EDGE('',*,*,#2026,.T.);
#2813=ORIENTED_EDGE('',*,*,#2027,.T.);
#2814=ORIENTED_EDGE('',*,*,#2028,.T.);
#2815=ORIENTED_EDGE('',*,*,#2029,.T.);
#2816=ORIENTED_EDGE('',*,*,#2030,.T.);
#2817=ORIENTED_EDGE('',*,*,#2031,.T.);
#2818=ORIENTED_EDGE('',*,*,#2032,.T.);
#2819=ORIENTED_EDGE('',*,*,#2033,.T.);
#2820=ORIENTED_EDGE('',*,*,#2034,.T.);
#2821=ORIENTED_EDGE('',*,*,#2035,.T.);
#2822=ORIENTED_EDGE('',*,*,#2036,.T.);
#2823=ORIENTED_EDGE('',*,*,#2037,.T.);
#2824=ORIENTED_EDGE('',*,*,#2038,.T.);
#2825=ORIENTED_EDGE('',*,*,#2039,.T.);
#2826=ORIENTED_EDGE('',*,*,#1999,.T.);
#2827=ORIENTED_EDGE('',*,*,#2040,.T.);
#2828=ORIENTED_EDGE('',*,*,#2039,.F.);
#2829=ORIENTED_EDGE('',*,*,#2041,.T.);
#2830=ORIENTED_EDGE('',*,*,#2042,.F.);
#2831=ORIENTED_EDGE('',*,*,#2000,.T.);
#2832=ORIENTED_EDGE('',*,*,#2043,.T.);
#2833=ORIENTED_EDGE('',*,*,#2012,.T.);
#2834=ORIENTED_EDGE('',*,*,#2001,.T.);
#2835=ORIENTED_EDGE('',*,*,#2042,.T.);
#2836=ORIENTED_EDGE('',*,*,#2044,.F.);
#2837=ORIENTED_EDGE('',*,*,#2045,.F.);
#2838=ORIENTED_EDGE('',*,*,#2045,.T.);
#2839=ORIENTED_EDGE('',*,*,#2046,.F.);
#2840=ORIENTED_EDGE('',*,*,#2047,.F.);
#2841=ORIENTED_EDGE('',*,*,#2047,.T.);
#2842=ORIENTED_EDGE('',*,*,#2048,.F.);
#2843=ORIENTED_EDGE('',*,*,#2049,.T.);
#2844=ORIENTED_EDGE('',*,*,#2049,.F.);
#2845=ORIENTED_EDGE('',*,*,#2050,.F.);
#2846=ORIENTED_EDGE('',*,*,#2051,.T.);
#2847=ORIENTED_EDGE('',*,*,#2051,.F.);
#2848=ORIENTED_EDGE('',*,*,#2052,.T.);
#2849=ORIENTED_EDGE('',*,*,#2053,.T.);
#2850=ORIENTED_EDGE('',*,*,#2054,.T.);
#2851=ORIENTED_EDGE('',*,*,#2055,.F.);
#2852=ORIENTED_EDGE('',*,*,#2056,.T.);
#2853=ORIENTED_EDGE('',*,*,#2036,.F.);
#2854=ORIENTED_EDGE('',*,*,#2057,.T.);
#2855=ORIENTED_EDGE('',*,*,#2053,.F.);
#2856=ORIENTED_EDGE('',*,*,#2058,.T.);
#2857=ORIENTED_EDGE('',*,*,#2055,.T.);
#2858=ORIENTED_EDGE('',*,*,#2059,.T.);
#2859=ORIENTED_EDGE('',*,*,#2034,.F.);
#2860=ORIENTED_EDGE('',*,*,#2059,.F.);
#2861=ORIENTED_EDGE('',*,*,#2054,.F.);
#2862=ORIENTED_EDGE('',*,*,#2057,.F.);
#2863=ORIENTED_EDGE('',*,*,#2035,.F.);
#2864=ORIENTED_EDGE('',*,*,#2058,.F.);
#2865=ORIENTED_EDGE('',*,*,#2037,.F.);
#2866=ORIENTED_EDGE('',*,*,#2056,.F.);
#2867=ORIENTED_EDGE('',*,*,#2052,.F.);
#2868=ORIENTED_EDGE('',*,*,#2048,.T.);
#2869=ORIENTED_EDGE('',*,*,#2060,.T.);
#2870=ORIENTED_EDGE('',*,*,#2061,.T.);
#2871=ORIENTED_EDGE('',*,*,#2062,.T.);
#2872=ORIENTED_EDGE('',*,*,#2063,.F.);
#2873=ORIENTED_EDGE('',*,*,#2064,.T.);
#2874=ORIENTED_EDGE('',*,*,#2032,.F.);
#2875=ORIENTED_EDGE('',*,*,#2065,.T.);
#2876=ORIENTED_EDGE('',*,*,#2061,.F.);
#2877=ORIENTED_EDGE('',*,*,#2066,.T.);
#2878=ORIENTED_EDGE('',*,*,#2063,.T.);
#2879=ORIENTED_EDGE('',*,*,#2067,.T.);
#2880=ORIENTED_EDGE('',*,*,#2030,.F.);
#2881=ORIENTED_EDGE('',*,*,#2067,.F.);
#2882=ORIENTED_EDGE('',*,*,#2062,.F.);
#2883=ORIENTED_EDGE('',*,*,#2065,.F.);
#2884=ORIENTED_EDGE('',*,*,#2031,.F.);
#2885=ORIENTED_EDGE('',*,*,#2066,.F.);
#2886=ORIENTED_EDGE('',*,*,#2033,.F.);
#2887=ORIENTED_EDGE('',*,*,#2064,.F.);
#2888=ORIENTED_EDGE('',*,*,#2060,.F.);
#2889=ORIENTED_EDGE('',*,*,#2050,.T.);
#2890=ORIENTED_EDGE('',*,*,#2068,.F.);
#2891=ORIENTED_EDGE('',*,*,#2069,.T.);
#2892=ORIENTED_EDGE('',*,*,#2070,.F.);
#2893=ORIENTED_EDGE('',*,*,#2071,.F.);
#2894=ORIENTED_EDGE('',*,*,#2072,.F.);
#2895=ORIENTED_EDGE('',*,*,#2071,.T.);
#2896=ORIENTED_EDGE('',*,*,#2073,.F.);
#2897=ORIENTED_EDGE('',*,*,#2028,.F.);
#2898=ORIENTED_EDGE('',*,*,#2074,.F.);
#2899=ORIENTED_EDGE('',*,*,#2026,.F.);
#2900=ORIENTED_EDGE('',*,*,#2075,.F.);
#2901=ORIENTED_EDGE('',*,*,#2069,.F.);
#2902=ORIENTED_EDGE('',*,*,#2075,.T.);
#2903=ORIENTED_EDGE('',*,*,#2029,.F.);
#2904=ORIENTED_EDGE('',*,*,#2073,.T.);
#2905=ORIENTED_EDGE('',*,*,#2070,.T.);
#2906=ORIENTED_EDGE('',*,*,#2074,.T.);
#2907=ORIENTED_EDGE('',*,*,#2068,.T.);
#2908=ORIENTED_EDGE('',*,*,#2072,.T.);
#2909=ORIENTED_EDGE('',*,*,#2027,.F.);
#2910=ORIENTED_EDGE('',*,*,#2044,.T.);
#2911=ORIENTED_EDGE('',*,*,#2076,.F.);
#2912=ORIENTED_EDGE('',*,*,#2077,.T.);
#2913=ORIENTED_EDGE('',*,*,#2078,.F.);
#2914=ORIENTED_EDGE('',*,*,#2079,.F.);
#2915=ORIENTED_EDGE('',*,*,#2080,.F.);
#2916=ORIENTED_EDGE('',*,*,#2079,.T.);
#2917=ORIENTED_EDGE('',*,*,#2081,.F.);
#2918=ORIENTED_EDGE('',*,*,#2024,.F.);
#2919=ORIENTED_EDGE('',*,*,#2082,.F.);
#2920=ORIENTED_EDGE('',*,*,#2022,.F.);
#2921=ORIENTED_EDGE('',*,*,#2083,.F.);
#2922=ORIENTED_EDGE('',*,*,#2077,.F.);
#2923=ORIENTED_EDGE('',*,*,#2083,.T.);
#2924=ORIENTED_EDGE('',*,*,#2025,.F.);
#2925=ORIENTED_EDGE('',*,*,#2081,.T.);
#2926=ORIENTED_EDGE('',*,*,#2078,.T.);
#2927=ORIENTED_EDGE('',*,*,#2082,.T.);
#2928=ORIENTED_EDGE('',*,*,#2076,.T.);
#2929=ORIENTED_EDGE('',*,*,#2080,.T.);
#2930=ORIENTED_EDGE('',*,*,#2023,.F.);
#2931=ORIENTED_EDGE('',*,*,#2046,.T.);
#2932=ORIENTED_EDGE('',*,*,#2084,.F.);
#2933=ORIENTED_EDGE('',*,*,#2085,.F.);
#2934=ORIENTED_EDGE('',*,*,#2085,.T.);
#2935=ORIENTED_EDGE('',*,*,#2086,.F.);
#2936=ORIENTED_EDGE('',*,*,#2087,.T.);
#2937=ORIENTED_EDGE('',*,*,#2087,.F.);
#2938=ORIENTED_EDGE('',*,*,#2088,.T.);
#2939=ORIENTED_EDGE('',*,*,#2089,.T.);
#2940=ORIENTED_EDGE('',*,*,#2090,.T.);
#2941=ORIENTED_EDGE('',*,*,#2091,.F.);
#2942=ORIENTED_EDGE('',*,*,#2092,.T.);
#2943=ORIENTED_EDGE('',*,*,#2020,.F.);
#2944=ORIENTED_EDGE('',*,*,#2093,.T.);
#2945=ORIENTED_EDGE('',*,*,#2089,.F.);
#2946=ORIENTED_EDGE('',*,*,#2094,.T.);
#2947=ORIENTED_EDGE('',*,*,#2091,.T.);
#2948=ORIENTED_EDGE('',*,*,#2095,.T.);
#2949=ORIENTED_EDGE('',*,*,#2018,.F.);
#2950=ORIENTED_EDGE('',*,*,#2095,.F.);
#2951=ORIENTED_EDGE('',*,*,#2090,.F.);
#2952=ORIENTED_EDGE('',*,*,#2093,.F.);
#2953=ORIENTED_EDGE('',*,*,#2019,.F.);
#2954=ORIENTED_EDGE('',*,*,#2094,.F.);
#2955=ORIENTED_EDGE('',*,*,#2021,.F.);
#2956=ORIENTED_EDGE('',*,*,#2092,.F.);
#2957=ORIENTED_EDGE('',*,*,#2088,.F.);
#2958=ORIENTED_EDGE('',*,*,#2086,.T.);
#2959=ORIENTED_EDGE('',*,*,#2096,.F.);
#2960=ORIENTED_EDGE('',*,*,#2097,.T.);
#2961=ORIENTED_EDGE('',*,*,#2098,.F.);
#2962=ORIENTED_EDGE('',*,*,#2099,.F.);
#2963=ORIENTED_EDGE('',*,*,#2100,.F.);
#2964=ORIENTED_EDGE('',*,*,#2099,.T.);
#2965=ORIENTED_EDGE('',*,*,#2101,.F.);
#2966=ORIENTED_EDGE('',*,*,#2016,.F.);
#2967=ORIENTED_EDGE('',*,*,#2102,.F.);
#2968=ORIENTED_EDGE('',*,*,#2014,.F.);
#2969=ORIENTED_EDGE('',*,*,#2103,.F.);
#2970=ORIENTED_EDGE('',*,*,#2097,.F.);
#2971=ORIENTED_EDGE('',*,*,#2103,.T.);
#2972=ORIENTED_EDGE('',*,*,#2017,.F.);
#2973=ORIENTED_EDGE('',*,*,#2101,.T.);
#2974=ORIENTED_EDGE('',*,*,#2098,.T.);
#2975=ORIENTED_EDGE('',*,*,#2102,.T.);
#2976=ORIENTED_EDGE('',*,*,#2096,.T.);
#2977=ORIENTED_EDGE('',*,*,#2100,.T.);
#2978=ORIENTED_EDGE('',*,*,#2015,.F.);
#2979=ORIENTED_EDGE('',*,*,#2084,.T.);
#2980=ORIENTED_EDGE('',*,*,#2104,.T.);
#2981=ORIENTED_EDGE('',*,*,#2105,.T.);
#2982=ORIENTED_EDGE('',*,*,#1994,.T.);
#2983=ORIENTED_EDGE('',*,*,#2106,.F.);
#2984=ORIENTED_EDGE('',*,*,#2104,.F.);
#2985=ORIENTED_EDGE('',*,*,#2107,.F.);
#2986=ORIENTED_EDGE('',*,*,#2108,.F.);
#2987=ORIENTED_EDGE('',*,*,#2109,.F.);
#2988=ORIENTED_EDGE('',*,*,#2110,.F.);
#2989=ORIENTED_EDGE('',*,*,#2111,.T.);
#2990=ORIENTED_EDGE('',*,*,#2107,.T.);
#2991=ORIENTED_EDGE('',*,*,#2106,.T.);
#2992=ORIENTED_EDGE('',*,*,#1993,.T.);
#2993=ORIENTED_EDGE('',*,*,#2112,.T.);
#2994=ORIENTED_EDGE('',*,*,#1996,.T.);
#2995=ORIENTED_EDGE('',*,*,#2113,.T.);
#2996=ORIENTED_EDGE('',*,*,#2110,.T.);
#2997=ORIENTED_EDGE('',*,*,#2114,.F.);
#2998=ORIENTED_EDGE('',*,*,#2109,.T.);
#2999=ORIENTED_EDGE('',*,*,#2115,.T.);
#3000=ORIENTED_EDGE('',*,*,#1997,.T.);
#3001=ORIENTED_EDGE('',*,*,#2114,.T.);
#3002=ORIENTED_EDGE('',*,*,#2006,.F.);
#3003=ORIENTED_EDGE('',*,*,#2116,.T.);
#3004=ORIENTED_EDGE('',*,*,#2040,.F.);
#3005=ORIENTED_EDGE('',*,*,#1998,.T.);
#3006=ORIENTED_EDGE('',*,*,#2115,.F.);
#3007=ORIENTED_EDGE('',*,*,#2108,.T.);
#3008=ORIENTED_EDGE('',*,*,#2112,.F.);
#3009=ORIENTED_EDGE('',*,*,#1992,.T.);
#3010=ORIENTED_EDGE('',*,*,#2105,.F.);
#3011=ORIENTED_EDGE('',*,*,#2111,.F.);
#3012=ORIENTED_EDGE('',*,*,#2113,.F.);
#3013=ORIENTED_EDGE('',*,*,#1995,.T.);
#3014=ORIENTED_EDGE('',*,*,#1989,.F.);
#3015=ORIENTED_EDGE('',*,*,#2117,.T.);
#3016=ORIENTED_EDGE('',*,*,#2118,.T.);
#3017=ORIENTED_EDGE('',*,*,#2119,.T.);
#3018=ORIENTED_EDGE('',*,*,#1990,.F.);
#3019=ORIENTED_EDGE('',*,*,#2119,.F.);
#3020=ORIENTED_EDGE('',*,*,#2120,.F.);
#3021=ORIENTED_EDGE('',*,*,#2121,.F.);
#3022=ORIENTED_EDGE('',*,*,#2122,.F.);
#3023=ORIENTED_EDGE('',*,*,#2123,.T.);
#3024=ORIENTED_EDGE('',*,*,#2120,.T.);
#3025=ORIENTED_EDGE('',*,*,#2118,.F.);
#3026=ORIENTED_EDGE('',*,*,#1987,.F.);
#3027=ORIENTED_EDGE('',*,*,#2121,.T.);
#3028=ORIENTED_EDGE('',*,*,#2123,.F.);
#3029=ORIENTED_EDGE('',*,*,#2124,.F.);
#3030=ORIENTED_EDGE('',*,*,#1988,.F.);
#3031=ORIENTED_EDGE('',*,*,#2124,.T.);
#3032=ORIENTED_EDGE('',*,*,#2122,.T.);
#3033=ORIENTED_EDGE('',*,*,#2117,.F.);
#3034=ORIENTED_EDGE('',*,*,#1986,.F.);
#3035=ORIENTED_EDGE('',*,*,#2125,.F.);
#3036=ORIENTED_EDGE('',*,*,#2126,.F.);
#3037=ORIENTED_EDGE('',*,*,#2127,.F.);
#3038=ORIENTED_EDGE('',*,*,#2128,.F.);
#3039=ORIENTED_EDGE('',*,*,#1979,.F.);
#3040=ORIENTED_EDGE('',*,*,#1982,.F.);
#3041=ORIENTED_EDGE('',*,*,#1984,.F.);
#3042=ORIENTED_EDGE('',*,*,#1968,.F.);
#3043=ORIENTED_EDGE('',*,*,#1980,.T.);
#3044=ORIENTED_EDGE('',*,*,#2128,.T.);
#3045=ORIENTED_EDGE('',*,*,#2129,.F.);
#3046=ORIENTED_EDGE('',*,*,#1965,.F.);
#3047=ORIENTED_EDGE('',*,*,#2129,.T.);
#3048=ORIENTED_EDGE('',*,*,#2127,.T.);
#3049=ORIENTED_EDGE('',*,*,#2130,.F.);
#3050=ORIENTED_EDGE('',*,*,#1962,.F.);
#3051=ORIENTED_EDGE('',*,*,#2130,.T.);
#3052=ORIENTED_EDGE('',*,*,#2126,.T.);
#3053=ORIENTED_EDGE('',*,*,#2131,.F.);
#3054=ORIENTED_EDGE('',*,*,#1959,.F.);
#3055=ORIENTED_EDGE('',*,*,#2131,.T.);
#3056=ORIENTED_EDGE('',*,*,#2125,.T.);
#3057=ORIENTED_EDGE('',*,*,#1985,.F.);
#3058=ORIENTED_EDGE('',*,*,#2005,.F.);
#3059=ORIENTED_EDGE('',*,*,#2009,.F.);
#3060=ORIENTED_EDGE('',*,*,#2010,.F.);
#3061=ORIENTED_EDGE('',*,*,#2013,.F.);
#3062=ORIENTED_EDGE('',*,*,#2043,.F.);
#3063=ORIENTED_EDGE('',*,*,#2041,.F.);
#3064=ORIENTED_EDGE('',*,*,#2038,.F.);
#3065=ORIENTED_EDGE('',*,*,#2116,.F.);
#3066=PLANE('',#3403);
#3067=PLANE('',#3407);
#3068=PLANE('',#3411);
#3069=PLANE('',#3415);
#3070=PLANE('',#3421);
#3071=PLANE('',#3424);
#3072=PLANE('',#3425);
#3073=PLANE('',#3429);
#3074=PLANE('',#3430);
#3075=PLANE('',#3442);
#3076=PLANE('',#3465);
#3077=PLANE('',#3469);
#3078=PLANE('',#3470);
#3079=PLANE('',#3471);
#3080=PLANE('',#3472);
#3081=PLANE('',#3476);
#3082=PLANE('',#3477);
#3083=PLANE('',#3478);
#3084=PLANE('',#3479);
#3085=PLANE('',#3483);
#3086=PLANE('',#3484);
#3087=PLANE('',#3485);
#3088=PLANE('',#3490);
#3089=PLANE('',#3495);
#3090=PLANE('',#3496);
#3091=PLANE('',#3497);
#3092=PLANE('',#3498);
#3093=PLANE('',#3499);
#3094=PLANE('',#3500);
#3095=PLANE('',#3502);
#3096=PLANE('',#3504);
#3097=PLANE('',#3505);
#3098=PLANE('',#3506);
#3099=PLANE('',#3510);
#3100=PLANE('',#3511);
#3101=PLANE('',#3515);
#3102=PLANE('',#3516);
#3103=PLANE('',#3520);
#3104=PLANE('',#3521);
#3105=PLANE('',#3525);
#3106=PLANE('',#3526);
#3107=PLANE('',#3530);
#3108=PLANE('',#3531);
#3109=PLANE('',#3535);
#3110=PLANE('',#3536);
#3111=PLANE('',#3540);
#3112=PLANE('',#3541);
#3113=PLANE('',#3545);
#3114=PLANE('',#3546);
#3115=PLANE('',#3550);
#3116=PLANE('',#3551);
#3117=PLANE('',#3552);
#3118=PLANE('',#3553);
#3119=PLANE('',#3554);
#3120=PLANE('',#3555);
#3121=PLANE('',#3556);
#3122=PLANE('',#3557);
#3123=PLANE('',#3558);
#3124=PLANE('',#3559);
#3125=PLANE('',#3560);
#3126=PLANE('',#3561);
#3127=PLANE('',#3562);
#3128=PLANE('',#3563);
#3129=PLANE('',#3564);
#3130=PLANE('',#3565);
#3131=PLANE('',#3566);
#3132=PLANE('',#3567);
#3133=PLANE('',#3568);
#3134=PLANE('',#3569);
#3135=PLANE('',#3570);
#3136=PLANE('',#3571);
#3137=PLANE('',#3572);
#3138=PLANE('',#3573);
#3139=PLANE('',#3574);
#3140=PLANE('',#3575);
#3141=PLANE('',#3576);
#3142=PLANE('',#3577);
#3143=PLANE('',#3578);
#3144=PLANE('',#3579);
#3145=PLANE('',#3580);
#3146=PLANE('',#3581);
#3147=PLANE('',#3582);
#3148=PLANE('',#3583);
#3149=PLANE('',#3584);
#3150=PLANE('',#3585);
#3151=PLANE('',#3589);
#3152=PLANE('',#3593);
#3153=PLANE('',#3597);
#3154=PLANE('',#3603);
#3155=PLANE('',#3606);
#3156=PLANE('',#3607);
#3157=PLANE('',#3618);
#3158=PLANE('',#3621);
#3159=PLANE('',#3624);
#3160=PLANE('',#3642);
#3161=PLANE('',#3643);
#3162=PLANE('',#3644);
#3163=PLANE('',#3645);
#3164=PLANE('',#3649);
#3165=PLANE('',#3650);
#3166=PLANE('',#3651);
#3167=PLANE('',#3652);
#3168=PLANE('',#3656);
#3169=PLANE('',#3657);
#3170=PLANE('',#3658);
#3171=PLANE('',#3659);
#3172=PLANE('',#3663);
#3173=PLANE('',#3664);
#3174=PLANE('',#3665);
#3175=PLANE('',#3666);
#3176=PLANE('',#3676);
#3177=PLANE('',#3677);
#3178=PLANE('',#3678);
#3179=PLANE('',#3679);
#3180=PLANE('',#3683);
#3181=PLANE('',#3684);
#3182=PLANE('',#3685);
#3183=PLANE('',#3686);
#3184=PLANE('',#3689);
#3185=PLANE('',#3696);
#3186=PLANE('',#3697);
#3187=PLANE('',#3698);
#3188=PLANE('',#3699);
#3189=PLANE('',#3700);
#3190=PLANE('',#3701);
#3191=PLANE('',#3702);
#3192=PLANE('',#3703);
#3193=PLANE('',#3706);
#3194=PLANE('',#3708);
#3195=PLANE('',#3710);
#3196=ADVANCED_FACE('',(#230),#3066,.T.);
#3197=ADVANCED_FACE('',(#231),#222,.T.);
#3198=ADVANCED_FACE('',(#232),#3067,.T.);
#3199=ADVANCED_FACE('',(#233),#223,.T.);
#3200=ADVANCED_FACE('',(#234),#3068,.T.);
#3201=ADVANCED_FACE('',(#235),#224,.T.);
#3202=ADVANCED_FACE('',(#236),#3069,.T.);
#3203=ADVANCED_FACE('',(#237),#225,.T.);
#3204=ADVANCED_FACE('',(#238),#72,.T.);
#3205=ADVANCED_FACE('',(#239),#3070,.T.);
#3206=ADVANCED_FACE('',(#240),#73,.T.);
#3207=ADVANCED_FACE('',(#241,#37),#3071,.T.);
#3208=ADVANCED_FACE('',(#242,#38,#39,#40,#41,#42,#43,#44,#45,#46,#47),#3072,
 .T.);
#3209=ADVANCED_FACE('',(#243),#74,.T.);
#3210=ADVANCED_FACE('',(#244),#3073,.T.);
#3211=ADVANCED_FACE('',(#245,#48),#3074,.T.);
#3212=ADVANCED_FACE('',(#246),#75,.T.);
#3213=ADVANCED_FACE('',(#247,#49,#50,#51),#3075,.T.);
#3214=ADVANCED_FACE('',(#248),#76,.T.);
#3215=ADVANCED_FACE('',(#249),#77,.T.);
#3216=ADVANCED_FACE('',(#250),#25,.F.);
#3217=ADVANCED_FACE('',(#251),#26,.F.);
#3218=ADVANCED_FACE('',(#252),#27,.F.);
#3219=ADVANCED_FACE('',(#253),#28,.F.);
#3220=ADVANCED_FACE('',(#254),#29,.F.);
#3221=ADVANCED_FACE('',(#255),#30,.F.);
#3222=ADVANCED_FACE('',(#256),#3076,.T.);
#3223=ADVANCED_FACE('',(#257),#78,.T.);
#3224=ADVANCED_FACE('',(#258),#3077,.T.);
#3225=ADVANCED_FACE('',(#259,#52),#3078,.T.);
#3226=ADVANCED_FACE('',(#260,#53),#3079,.F.);
#3227=ADVANCED_FACE('',(#261),#3080,.T.);
#3228=ADVANCED_FACE('',(#262),#79,.T.);
#3229=ADVANCED_FACE('',(#263),#3081,.T.);
#3230=ADVANCED_FACE('',(#264,#54),#3082,.T.);
#3231=ADVANCED_FACE('',(#265,#55),#3083,.F.);
#3232=ADVANCED_FACE('',(#266),#3084,.T.);
#3233=ADVANCED_FACE('',(#267),#80,.T.);
#3234=ADVANCED_FACE('',(#268),#3085,.T.);
#3235=ADVANCED_FACE('',(#269,#56),#3086,.T.);
#3236=ADVANCED_FACE('',(#270,#57),#3087,.F.);
#3237=ADVANCED_FACE('',(#271),#81,.F.);
#3238=ADVANCED_FACE('',(#272),#82,.T.);
#3239=ADVANCED_FACE('',(#273),#3088,.T.);
#3240=ADVANCED_FACE('',(#274),#83,.T.);
#3241=ADVANCED_FACE('',(#275),#84,.F.);
#3242=ADVANCED_FACE('',(#276),#3089,.T.);
#3243=ADVANCED_FACE('',(#277),#3090,.T.);
#3244=ADVANCED_FACE('',(#278),#3091,.T.);
#3245=ADVANCED_FACE('',(#279),#3092,.T.);
#3246=ADVANCED_FACE('',(#280),#3093,.T.);
#3247=ADVANCED_FACE('',(#281),#3094,.T.);
#3248=ADVANCED_FACE('',(#282),#85,.T.);
#3249=ADVANCED_FACE('',(#283),#3095,.T.);
#3250=ADVANCED_FACE('',(#284),#86,.T.);
#3251=ADVANCED_FACE('',(#285),#3096,.T.);
#3252=ADVANCED_FACE('',(#286),#3097,.T.);
#3253=ADVANCED_FACE('',(#287),#3098,.T.);
#3254=ADVANCED_FACE('',(#288),#87,.F.);
#3255=ADVANCED_FACE('',(#289),#3099,.F.);
#3256=ADVANCED_FACE('',(#290),#3100,.T.);
#3257=ADVANCED_FACE('',(#291),#88,.F.);
#3258=ADVANCED_FACE('',(#292),#3101,.T.);
#3259=ADVANCED_FACE('',(#293),#3102,.T.);
#3260=ADVANCED_FACE('',(#294),#89,.F.);
#3261=ADVANCED_FACE('',(#295),#3103,.F.);
#3262=ADVANCED_FACE('',(#296),#3104,.T.);
#3263=ADVANCED_FACE('',(#297),#90,.F.);
#3264=ADVANCED_FACE('',(#298),#3105,.T.);
#3265=ADVANCED_FACE('',(#299),#3106,.T.);
#3266=ADVANCED_FACE('',(#300),#91,.F.);
#3267=ADVANCED_FACE('',(#301),#3107,.T.);
#3268=ADVANCED_FACE('',(#302),#3108,.F.);
#3269=ADVANCED_FACE('',(#303),#92,.F.);
#3270=ADVANCED_FACE('',(#304),#3109,.T.);
#3271=ADVANCED_FACE('',(#305),#3110,.T.);
#3272=ADVANCED_FACE('',(#306),#93,.F.);
#3273=ADVANCED_FACE('',(#307),#3111,.T.);
#3274=ADVANCED_FACE('',(#308),#3112,.F.);
#3275=ADVANCED_FACE('',(#309),#94,.F.);
#3276=ADVANCED_FACE('',(#310),#3113,.T.);
#3277=ADVANCED_FACE('',(#311),#3114,.F.);
#3278=ADVANCED_FACE('',(#312),#95,.F.);
#3279=ADVANCED_FACE('',(#313),#3115,.T.);
#3280=ADVANCED_FACE('',(#314),#3116,.F.);
#3281=ADVANCED_FACE('',(#315),#3117,.T.);
#3282=ADVANCED_FACE('',(#316),#3118,.T.);
#3283=ADVANCED_FACE('',(#317),#3119,.T.);
#3284=ADVANCED_FACE('',(#318),#3120,.T.);
#3285=ADVANCED_FACE('',(#319),#3121,.T.);
#3286=ADVANCED_FACE('',(#320),#3122,.T.);
#3287=ADVANCED_FACE('',(#321),#3123,.T.);
#3288=ADVANCED_FACE('',(#322),#3124,.T.);
#3289=ADVANCED_FACE('',(#323),#3125,.T.);
#3290=ADVANCED_FACE('',(#324),#3126,.T.);
#3291=ADVANCED_FACE('',(#325),#3127,.T.);
#3292=ADVANCED_FACE('',(#326),#3128,.T.);
#3293=ADVANCED_FACE('',(#327),#3129,.T.);
#3294=ADVANCED_FACE('',(#328),#3130,.T.);
#3295=ADVANCED_FACE('',(#329),#3131,.T.);
#3296=ADVANCED_FACE('',(#330),#3132,.T.);
#3297=ADVANCED_FACE('',(#331),#3133,.T.);
#3298=ADVANCED_FACE('',(#332),#3134,.F.);
#3299=ADVANCED_FACE('',(#333),#3135,.F.);
#3300=ADVANCED_FACE('',(#334),#3136,.F.);
#3301=ADVANCED_FACE('',(#335),#3137,.F.);
#3302=ADVANCED_FACE('',(#336),#3138,.F.);
#3303=ADVANCED_FACE('',(#337),#3139,.T.);
#3304=ADVANCED_FACE('',(#338),#3140,.T.);
#3305=ADVANCED_FACE('',(#339),#3141,.T.);
#3306=ADVANCED_FACE('',(#340),#3142,.T.);
#3307=ADVANCED_FACE('',(#341),#3143,.T.);
#3308=ADVANCED_FACE('',(#342),#3144,.T.);
#3309=ADVANCED_FACE('',(#343),#3145,.T.);
#3310=ADVANCED_FACE('',(#344),#3146,.T.);
#3311=ADVANCED_FACE('',(#345),#3147,.F.);
#3312=ADVANCED_FACE('',(#346),#3148,.T.);
#3313=ADVANCED_FACE('',(#347),#3149,.F.);
#3314=ADVANCED_FACE('',(#348),#3150,.T.);
#3315=ADVANCED_FACE('',(#349),#226,.F.);
#3316=ADVANCED_FACE('',(#350),#3151,.T.);
#3317=ADVANCED_FACE('',(#351),#227,.F.);
#3318=ADVANCED_FACE('',(#352),#3152,.T.);
#3319=ADVANCED_FACE('',(#353),#228,.F.);
#3320=ADVANCED_FACE('',(#354),#3153,.T.);
#3321=ADVANCED_FACE('',(#355),#229,.F.);
#3322=ADVANCED_FACE('',(#356),#96,.F.);
#3323=ADVANCED_FACE('',(#357),#3154,.T.);
#3324=ADVANCED_FACE('',(#358),#97,.F.);
#3325=ADVANCED_FACE('',(#359,#58),#3155,.T.);
#3326=ADVANCED_FACE('',(#360,#59),#3156,.F.);
#3327=ADVANCED_FACE('',(#361),#98,.T.);
#3328=ADVANCED_FACE('',(#362),#3157,.T.);
#3329=ADVANCED_FACE('',(#363),#99,.T.);
#3330=ADVANCED_FACE('',(#364,#60,#61,#62,#63,#64,#65),#3158,.T.);
#3331=ADVANCED_FACE('',(#365),#100,.T.);
#3332=ADVANCED_FACE('',(#366),#3159,.T.);
#3333=ADVANCED_FACE('',(#367),#101,.T.);
#3334=ADVANCED_FACE('',(#368),#31,.T.);
#3335=ADVANCED_FACE('',(#369),#32,.T.);
#3336=ADVANCED_FACE('',(#370),#33,.T.);
#3337=ADVANCED_FACE('',(#371),#34,.T.);
#3338=ADVANCED_FACE('',(#372),#102,.T.);
#3339=ADVANCED_FACE('',(#373),#3160,.F.);
#3340=ADVANCED_FACE('',(#374),#3161,.F.);
#3341=ADVANCED_FACE('',(#375),#3162,.F.);
#3342=ADVANCED_FACE('',(#376,#66),#3163,.T.);
#3343=ADVANCED_FACE('',(#377),#103,.T.);
#3344=ADVANCED_FACE('',(#378),#3164,.F.);
#3345=ADVANCED_FACE('',(#379),#3165,.F.);
#3346=ADVANCED_FACE('',(#380),#3166,.F.);
#3347=ADVANCED_FACE('',(#381,#67),#3167,.T.);
#3348=ADVANCED_FACE('',(#382),#104,.T.);
#3349=ADVANCED_FACE('',(#383),#3168,.T.);
#3350=ADVANCED_FACE('',(#384),#3169,.T.);
#3351=ADVANCED_FACE('',(#385),#3170,.T.);
#3352=ADVANCED_FACE('',(#386,#68),#3171,.F.);
#3353=ADVANCED_FACE('',(#387),#105,.T.);
#3354=ADVANCED_FACE('',(#388),#3172,.T.);
#3355=ADVANCED_FACE('',(#389),#3173,.T.);
#3356=ADVANCED_FACE('',(#390),#3174,.T.);
#3357=ADVANCED_FACE('',(#391,#69),#3175,.F.);
#3358=ADVANCED_FACE('',(#392),#35,.T.);
#3359=ADVANCED_FACE('',(#393),#36,.T.);
#3360=ADVANCED_FACE('',(#394),#106,.T.);
#3361=ADVANCED_FACE('',(#395),#3176,.F.);
#3362=ADVANCED_FACE('',(#396),#3177,.F.);
#3363=ADVANCED_FACE('',(#397),#3178,.F.);
#3364=ADVANCED_FACE('',(#398,#70),#3179,.T.);
#3365=ADVANCED_FACE('',(#399),#107,.T.);
#3366=ADVANCED_FACE('',(#400),#3180,.T.);
#3367=ADVANCED_FACE('',(#401),#3181,.T.);
#3368=ADVANCED_FACE('',(#402),#3182,.T.);
#3369=ADVANCED_FACE('',(#403,#71),#3183,.F.);
#3370=ADVANCED_FACE('',(#404),#108,.T.);
#3371=ADVANCED_FACE('',(#405),#3184,.T.);
#3372=ADVANCED_FACE('',(#406),#109,.F.);
#3373=ADVANCED_FACE('',(#407),#110,.T.);
#3374=ADVANCED_FACE('',(#408),#111,.F.);
#3375=ADVANCED_FACE('',(#409),#3185,.T.);
#3376=ADVANCED_FACE('',(#410),#3186,.T.);
#3377=ADVANCED_FACE('',(#411),#3187,.F.);
#3378=ADVANCED_FACE('',(#412),#3188,.F.);
#3379=ADVANCED_FACE('',(#413),#3189,.F.);
#3380=ADVANCED_FACE('',(#414),#3190,.F.);
#3381=ADVANCED_FACE('',(#415),#3191,.F.);
#3382=ADVANCED_FACE('',(#416),#3192,.F.);
#3383=ADVANCED_FACE('',(#417),#3193,.T.);
#3384=ADVANCED_FACE('',(#418),#112,.F.);
#3385=ADVANCED_FACE('',(#419),#3194,.T.);
#3386=ADVANCED_FACE('',(#420),#113,.F.);
#3387=ADVANCED_FACE('',(#421),#3195,.T.);
#3388=CLOSED_SHELL('',(#3196,#3197,#3198,#3199,#3200,#3201,#3202,#3203,
#3204,#3205,#3206,#3207,#3208,#3209,#3210,#3211,#3212,#3213,#3214,#3215,
#3216,#3217,#3218,#3219,#3220,#3221,#3222,#3223,#3224,#3225,#3226,#3227,
#3228,#3229,#3230,#3231,#3232,#3233,#3234,#3235,#3236,#3237,#3238,#3239,
#3240,#3241,#3242,#3243,#3244,#3245,#3246,#3247,#3248,#3249,#3250,#3251,
#3252,#3253,#3254,#3255,#3256,#3257,#3258,#3259,#3260,#3261,#3262,#3263,
#3264,#3265,#3266,#3267,#3268,#3269,#3270,#3271,#3272,#3273,#3274,#3275,
#3276,#3277,#3278,#3279,#3280,#3281,#3282,#3283,#3284,#3285,#3286,#3287,
#3288,#3289,#3290,#3291,#3292,#3293,#3294,#3295,#3296,#3297,#3298,#3299,
#3300,#3301,#3302,#3303,#3304,#3305,#3306,#3307,#3308,#3309,#3310,#3311,
#3312,#3313));
#3389=CLOSED_SHELL('',(#3314,#3315,#3316,#3317,#3318,#3319,#3320,#3321,
#3322,#3323,#3324,#3325,#3326,#3327,#3328,#3329,#3330,#3331,#3332,#3333,
#3334,#3335,#3336,#3337,#3338,#3339,#3340,#3341,#3342,#3343,#3344,#3345,
#3346,#3347,#3348,#3349,#3350,#3351,#3352,#3353,#3354,#3355,#3356,#3357,
#3358,#3359,#3360,#3361,#3362,#3363,#3364,#3365,#3366,#3367,#3368,#3369,
#3370,#3371,#3372,#3373,#3374,#3375,#3376,#3377,#3378,#3379,#3380,#3381,
#3382,#3383,#3384,#3385,#3386,#3387));
#3390=DERIVED_UNIT_ELEMENT(#3392,1.);
#3391=DERIVED_UNIT_ELEMENT(#5659,-3.);
#3392=(
MASS_UNIT()
NAMED_UNIT(*)
SI_UNIT(.KILO.,.GRAM.)
);
#3393=DERIVED_UNIT((#3390,#3391));
#3394=MEASURE_REPRESENTATION_ITEM('density measure',
POSITIVE_RATIO_MEASURE(7850.),#3393);
#3395=PROPERTY_DEFINITION_REPRESENTATION(#3400,#3397);
#3396=PROPERTY_DEFINITION_REPRESENTATION(#3401,#3398);
#3397=REPRESENTATION('material name',(#3399),#5656);
#3398=REPRESENTATION('density',(#3394),#5656);
#3399=DESCRIPTIVE_REPRESENTATION_ITEM('Steel','Steel');
#3400=PROPERTY_DEFINITION('material property','material name',#5666);
#3401=PROPERTY_DEFINITION('material property','density of part',#5666);
#3402=AXIS2_PLACEMENT_3D('',#4680,#3711,#3712);
#3403=AXIS2_PLACEMENT_3D('',#4681,#3713,#3714);
#3404=AXIS2_PLACEMENT_3D('',#4690,#3719,#3720);
#3405=AXIS2_PLACEMENT_3D('',#4692,#3721,#3722);
#3406=AXIS2_PLACEMENT_3D('',#4695,#3724,#3725);
#3407=AXIS2_PLACEMENT_3D('',#4696,#3726,#3727);
#3408=AXIS2_PLACEMENT_3D('',#4702,#3731,#3732);
#3409=AXIS2_PLACEMENT_3D('',#4704,#3733,#3734);
#3410=AXIS2_PLACEMENT_3D('',#4707,#3736,#3737);
#3411=AXIS2_PLACEMENT_3D('',#4708,#3738,#3739);
#3412=AXIS2_PLACEMENT_3D('',#4714,#3743,#3744);
#3413=AXIS2_PLACEMENT_3D('',#4716,#3745,#3746);
#3414=AXIS2_PLACEMENT_3D('',#4719,#3748,#3749);
#3415=AXIS2_PLACEMENT_3D('',#4720,#3750,#3751);
#3416=AXIS2_PLACEMENT_3D('',#4726,#3755,#3756);
#3417=AXIS2_PLACEMENT_3D('',#4727,#3757,#3758);
#3418=AXIS2_PLACEMENT_3D('',#4728,#3759,#3760);
#3419=AXIS2_PLACEMENT_3D('',#4729,#3761,#3762);
#3420=AXIS2_PLACEMENT_3D('',#4733,#3764,#3765);
#3421=AXIS2_PLACEMENT_3D('',#4735,#3767,#3768);
#3422=AXIS2_PLACEMENT_3D('',#4739,#3771,#3772);
#3423=AXIS2_PLACEMENT_3D('',#4742,#3774,#3775);
#3424=AXIS2_PLACEMENT_3D('',#4743,#3776,#3777);
#3425=AXIS2_PLACEMENT_3D('',#4755,#3784,#3785);
#3426=AXIS2_PLACEMENT_3D('',#4836,#3826,#3827);
#3427=AXIS2_PLACEMENT_3D('',#4839,#3828,#3829);
#3428=AXIS2_PLACEMENT_3D('',#4843,#3831,#3832);
#3429=AXIS2_PLACEMENT_3D('',#4845,#3834,#3835);
#3430=AXIS2_PLACEMENT_3D('',#4859,#3843,#3844);
#3431=AXIS2_PLACEMENT_3D('',#4863,#3846,#3847);
#3432=AXIS2_PLACEMENT_3D('',#4867,#3849,#3850);
#3433=AXIS2_PLACEMENT_3D('',#4870,#3852,#3853);
#3434=AXIS2_PLACEMENT_3D('',#4872,#3854,#3855);
#3435=AXIS2_PLACEMENT_3D('',#4874,#3856,#3857);
#3436=AXIS2_PLACEMENT_3D('',#4878,#3859,#3860);
#3437=AXIS2_PLACEMENT_3D('',#4879,#3861,#3862);
#3438=AXIS2_PLACEMENT_3D('',#4881,#3863,#3864);
#3439=AXIS2_PLACEMENT_3D('',#4885,#3866,#3867);
#3440=AXIS2_PLACEMENT_3D('',#4887,#3869,#3870);
#3441=AXIS2_PLACEMENT_3D('',#4891,#3872,#3873);
#3442=AXIS2_PLACEMENT_3D('',#4893,#3875,#3876);
#3443=AXIS2_PLACEMENT_3D('',#4921,#3891,#3892);
#3444=AXIS2_PLACEMENT_3D('',#4923,#3893,#3894);
#3445=AXIS2_PLACEMENT_3D('',#4925,#3896,#3897);
#3446=AXIS2_PLACEMENT_3D('',#4928,#3899,#3900);
#3447=AXIS2_PLACEMENT_3D('',#4929,#3901,#3902);
#3448=AXIS2_PLACEMENT_3D('',#4931,#3903,#3904);
#3449=AXIS2_PLACEMENT_3D('',#4933,#3905,#3906);
#3450=AXIS2_PLACEMENT_3D('',#4934,#3907,#3908);
#3451=AXIS2_PLACEMENT_3D('',#4936,#3909,#3910);
#3452=AXIS2_PLACEMENT_3D('',#4938,#3911,#3912);
#3453=AXIS2_PLACEMENT_3D('',#4939,#3913,#3914);
#3454=AXIS2_PLACEMENT_3D('',#4941,#3915,#3916);
#3455=AXIS2_PLACEMENT_3D('',#4943,#3917,#3918);
#3456=AXIS2_PLACEMENT_3D('',#4944,#3919,#3920);
#3457=AXIS2_PLACEMENT_3D('',#4946,#3921,#3922);
#3458=AXIS2_PLACEMENT_3D('',#4948,#3923,#3924);
#3459=AXIS2_PLACEMENT_3D('',#4949,#3925,#3926);
#3460=AXIS2_PLACEMENT_3D('',#4951,#3927,#3928);
#3461=AXIS2_PLACEMENT_3D('',#4953,#3929,#3930);
#3462=AXIS2_PLACEMENT_3D('',#4954,#3931,#3932);
#3463=AXIS2_PLACEMENT_3D('',#4956,#3933,#3934);
#3464=AXIS2_PLACEMENT_3D('',#4958,#3935,#3936);
#3465=AXIS2_PLACEMENT_3D('',#4959,#3937,#3938);
#3466=AXIS2_PLACEMENT_3D('',#4965,#3942,#3943);
#3467=AXIS2_PLACEMENT_3D('',#4967,#3944,#3945);
#3468=AXIS2_PLACEMENT_3D('',#4969,#3946,#3947);
#3469=AXIS2_PLACEMENT_3D('',#4971,#3949,#3950);
#3470=AXIS2_PLACEMENT_3D('',#4974,#3953,#3954);
#3471=AXIS2_PLACEMENT_3D('',#4975,#3955,#3956);
#3472=AXIS2_PLACEMENT_3D('',#4976,#3957,#3958);
#3473=AXIS2_PLACEMENT_3D('',#4982,#3962,#3963);
#3474=AXIS2_PLACEMENT_3D('',#4984,#3964,#3965);
#3475=AXIS2_PLACEMENT_3D('',#4986,#3966,#3967);
#3476=AXIS2_PLACEMENT_3D('',#4988,#3969,#3970);
#3477=AXIS2_PLACEMENT_3D('',#4991,#3973,#3974);
#3478=AXIS2_PLACEMENT_3D('',#4992,#3975,#3976);
#3479=AXIS2_PLACEMENT_3D('',#4993,#3977,#3978);
#3480=AXIS2_PLACEMENT_3D('',#4999,#3982,#3983);
#3481=AXIS2_PLACEMENT_3D('',#5001,#3984,#3985);
#3482=AXIS2_PLACEMENT_3D('',#5003,#3986,#3987);
#3483=AXIS2_PLACEMENT_3D('',#5005,#3989,#3990);
#3484=AXIS2_PLACEMENT_3D('',#5008,#3993,#3994);
#3485=AXIS2_PLACEMENT_3D('',#5009,#3995,#3996);
#3486=AXIS2_PLACEMENT_3D('',#5010,#3997,#3998);
#3487=AXIS2_PLACEMENT_3D('',#5012,#3999,#4000);
#3488=AXIS2_PLACEMENT_3D('',#5014,#4002,#4003);
#3489=AXIS2_PLACEMENT_3D('',#5017,#4005,#4006);
#3490=AXIS2_PLACEMENT_3D('',#5018,#4007,#4008);
#3491=AXIS2_PLACEMENT_3D('',#5022,#4010,#4011);
#3492=AXIS2_PLACEMENT_3D('',#5023,#4012,#4013);
#3493=AXIS2_PLACEMENT_3D('',#5024,#4014,#4015);
#3494=AXIS2_PLACEMENT_3D('',#5027,#4018,#4019);
#3495=AXIS2_PLACEMENT_3D('',#5028,#4020,#4021);
#3496=AXIS2_PLACEMENT_3D('',#5029,#4022,#4023);
#3497=AXIS2_PLACEMENT_3D('',#5035,#4027,#4028);
#3498=AXIS2_PLACEMENT_3D('',#5041,#4032,#4033);
#3499=AXIS2_PLACEMENT_3D('',#5044,#4036,#4037);
#3500=AXIS2_PLACEMENT_3D('',#5045,#4038,#4039);
#3501=AXIS2_PLACEMENT_3D('',#5046,#4040,#4041);
#3502=AXIS2_PLACEMENT_3D('',#5049,#4044,#4045);
#3503=AXIS2_PLACEMENT_3D('',#5051,#4047,#4048);
#3504=AXIS2_PLACEMENT_3D('',#5052,#4049,#4050);
#3505=AXIS2_PLACEMENT_3D('',#5053,#4051,#4052);
#3506=AXIS2_PLACEMENT_3D('',#5055,#4054,#4055);
#3507=AXIS2_PLACEMENT_3D('',#5057,#4057,#4058);
#3508=AXIS2_PLACEMENT_3D('',#5060,#4059,#4060);
#3509=AXIS2_PLACEMENT_3D('',#5064,#4062,#4063);
#3510=AXIS2_PLACEMENT_3D('',#5066,#4065,#4066);
#3511=AXIS2_PLACEMENT_3D('',#5071,#4070,#4071);
#3512=AXIS2_PLACEMENT_3D('',#5073,#4073,#4074);
#3513=AXIS2_PLACEMENT_3D('',#5076,#4075,#4076);
#3514=AXIS2_PLACEMENT_3D('',#5080,#4078,#4079);
#3515=AXIS2_PLACEMENT_3D('',#5082,#4081,#4082);
#3516=AXIS2_PLACEMENT_3D('',#5087,#4086,#4087);
#3517=AXIS2_PLACEMENT_3D('',#5089,#4089,#4090);
#3518=AXIS2_PLACEMENT_3D('',#5092,#4091,#4092);
#3519=AXIS2_PLACEMENT_3D('',#5096,#4094,#4095);
#3520=AXIS2_PLACEMENT_3D('',#5098,#4097,#4098);
#3521=AXIS2_PLACEMENT_3D('',#5103,#4102,#4103);
#3522=AXIS2_PLACEMENT_3D('',#5105,#4105,#4106);
#3523=AXIS2_PLACEMENT_3D('',#5108,#4107,#4108);
#3524=AXIS2_PLACEMENT_3D('',#5112,#4110,#4111);
#3525=AXIS2_PLACEMENT_3D('',#5114,#4113,#4114);
#3526=AXIS2_PLACEMENT_3D('',#5119,#4118,#4119);
#3527=AXIS2_PLACEMENT_3D('',#5121,#4121,#4122);
#3528=AXIS2_PLACEMENT_3D('',#5124,#4123,#4124);
#3529=AXIS2_PLACEMENT_3D('',#5128,#4126,#4127);
#3530=AXIS2_PLACEMENT_3D('',#5130,#4129,#4130);
#3531=AXIS2_PLACEMENT_3D('',#5135,#4134,#4135);
#3532=AXIS2_PLACEMENT_3D('',#5137,#4137,#4138);
#3533=AXIS2_PLACEMENT_3D('',#5140,#4139,#4140);
#3534=AXIS2_PLACEMENT_3D('',#5144,#4142,#4143);
#3535=AXIS2_PLACEMENT_3D('',#5146,#4145,#4146);
#3536=AXIS2_PLACEMENT_3D('',#5151,#4150,#4151);
#3537=AXIS2_PLACEMENT_3D('',#5155,#4154,#4155);
#3538=AXIS2_PLACEMENT_3D('',#5158,#4156,#4157);
#3539=AXIS2_PLACEMENT_3D('',#5162,#4159,#4160);
#3540=AXIS2_PLACEMENT_3D('',#5164,#4162,#4163);
#3541=AXIS2_PLACEMENT_3D('',#5169,#4167,#4168);
#3542=AXIS2_PLACEMENT_3D('',#5171,#4170,#4171);
#3543=AXIS2_PLACEMENT_3D('',#5174,#4172,#4173);
#3544=AXIS2_PLACEMENT_3D('',#5178,#4175,#4176);
#3545=AXIS2_PLACEMENT_3D('',#5180,#4178,#4179);
#3546=AXIS2_PLACEMENT_3D('',#5185,#4183,#4184);
#3547=AXIS2_PLACEMENT_3D('',#5187,#4186,#4187);
#3548=AXIS2_PLACEMENT_3D('',#5190,#4188,#4189);
#3549=AXIS2_PLACEMENT_3D('',#5194,#4191,#4192);
#3550=AXIS2_PLACEMENT_3D('',#5196,#4194,#4195);
#3551=AXIS2_PLACEMENT_3D('',#5201,#4199,#4200);
#3552=AXIS2_PLACEMENT_3D('',#5203,#4202,#4203);
#3553=AXIS2_PLACEMENT_3D('',#5207,#4206,#4207);
#3554=AXIS2_PLACEMENT_3D('',#5211,#4210,#4211);
#3555=AXIS2_PLACEMENT_3D('',#5217,#4215,#4216);
#3556=AXIS2_PLACEMENT_3D('',#5221,#4219,#4220);
#3557=AXIS2_PLACEMENT_3D('',#5225,#4223,#4224);
#3558=AXIS2_PLACEMENT_3D('',#5227,#4226,#4227);
#3559=AXIS2_PLACEMENT_3D('',#5229,#4229,#4230);
#3560=AXIS2_PLACEMENT_3D('',#5233,#4233,#4234);
#3561=AXIS2_PLACEMENT_3D('',#5235,#4236,#4237);
#3562=AXIS2_PLACEMENT_3D('',#5237,#4239,#4240);
#3563=AXIS2_PLACEMENT_3D('',#5239,#4242,#4243);
#3564=AXIS2_PLACEMENT_3D('',#5243,#4246,#4247);
#3565=AXIS2_PLACEMENT_3D('',#5245,#4249,#4250);
#3566=AXIS2_PLACEMENT_3D('',#5249,#4253,#4254);
#3567=AXIS2_PLACEMENT_3D('',#5251,#4256,#4257);
#3568=AXIS2_PLACEMENT_3D('',#5255,#4260,#4261);
#3569=AXIS2_PLACEMENT_3D('',#5257,#4263,#4264);
#3570=AXIS2_PLACEMENT_3D('',#5259,#4266,#4267);
#3571=AXIS2_PLACEMENT_3D('',#5263,#4270,#4271);
#3572=AXIS2_PLACEMENT_3D('',#5267,#4274,#4275);
#3573=AXIS2_PLACEMENT_3D('',#5269,#4277,#4278);
#3574=AXIS2_PLACEMENT_3D('',#5270,#4279,#4280);
#3575=AXIS2_PLACEMENT_3D('',#5271,#4281,#4282);
#3576=AXIS2_PLACEMENT_3D('',#5272,#4283,#4284);
#3577=AXIS2_PLACEMENT_3D('',#5273,#4285,#4286);
#3578=AXIS2_PLACEMENT_3D('',#5274,#4287,#4288);
#3579=AXIS2_PLACEMENT_3D('',#5275,#4289,#4290);
#3580=AXIS2_PLACEMENT_3D('',#5277,#4292,#4293);
#3581=AXIS2_PLACEMENT_3D('',#5278,#4294,#4295);
#3582=AXIS2_PLACEMENT_3D('',#5279,#4296,#4297);
#3583=AXIS2_PLACEMENT_3D('',#5280,#4298,#4299);
#3584=AXIS2_PLACEMENT_3D('',#5281,#4300,#4301);
#3585=AXIS2_PLACEMENT_3D('',#5282,#4302,#4303);
#3586=AXIS2_PLACEMENT_3D('',#5291,#4308,#4309);
#3587=AXIS2_PLACEMENT_3D('',#5295,#4311,#4312);
#3588=AXIS2_PLACEMENT_3D('',#5296,#4313,#4314);
#3589=AXIS2_PLACEMENT_3D('',#5297,#4315,#4316);
#3590=AXIS2_PLACEMENT_3D('',#5303,#4320,#4321);
#3591=AXIS2_PLACEMENT_3D('',#5307,#4323,#4324);
#3592=AXIS2_PLACEMENT_3D('',#5308,#4325,#4326);
#3593=AXIS2_PLACEMENT_3D('',#5309,#4327,#4328);
#3594=AXIS2_PLACEMENT_3D('',#5315,#4332,#4333);
#3595=AXIS2_PLACEMENT_3D('',#5319,#4335,#4336);
#3596=AXIS2_PLACEMENT_3D('',#5320,#4337,#4338);
#3597=AXIS2_PLACEMENT_3D('',#5321,#4339,#4340);
#3598=AXIS2_PLACEMENT_3D('',#5327,#4344,#4345);
#3599=AXIS2_PLACEMENT_3D('',#5328,#4346,#4347);
#3600=AXIS2_PLACEMENT_3D('',#5329,#4348,#4349);
#3601=AXIS2_PLACEMENT_3D('',#5330,#4350,#4351);
#3602=AXIS2_PLACEMENT_3D('',#5334,#4353,#4354);
#3603=AXIS2_PLACEMENT_3D('',#5336,#4356,#4357);
#3604=AXIS2_PLACEMENT_3D('',#5340,#4360,#4361);
#3605=AXIS2_PLACEMENT_3D('',#5343,#4363,#4364);
#3606=AXIS2_PLACEMENT_3D('',#5344,#4365,#4366);
#3607=AXIS2_PLACEMENT_3D('',#5356,#4373,#4374);
#3608=AXIS2_PLACEMENT_3D('',#5359,#4375,#4376);
#3609=AXIS2_PLACEMENT_3D('',#5363,#4378,#4379);
#3610=AXIS2_PLACEMENT_3D('',#5365,#4380,#4381);
#3611=AXIS2_PLACEMENT_3D('',#5369,#4383,#4384);
#3612=AXIS2_PLACEMENT_3D('',#5371,#4385,#4386);
#3613=AXIS2_PLACEMENT_3D('',#5375,#4388,#4389);
#3614=AXIS2_PLACEMENT_3D('',#5379,#4391,#4392);
#3615=AXIS2_PLACEMENT_3D('',#5383,#4394,#4395);
#3616=AXIS2_PLACEMENT_3D('',#5385,#4397,#4398);
#3617=AXIS2_PLACEMENT_3D('',#5388,#4399,#4400);
#3618=AXIS2_PLACEMENT_3D('',#5391,#4403,#4404);
#3619=AXIS2_PLACEMENT_3D('',#5395,#4407,#4408);
#3620=AXIS2_PLACEMENT_3D('',#5397,#4409,#4410);
#3621=AXIS2_PLACEMENT_3D('',#5399,#4412,#4413);
#3622=AXIS2_PLACEMENT_3D('',#5451,#4440,#4441);
#3623=AXIS2_PLACEMENT_3D('',#5454,#4442,#4443);
#3624=AXIS2_PLACEMENT_3D('',#5457,#4446,#4447);
#3625=AXIS2_PLACEMENT_3D('',#5461,#4450,#4451);
#3626=AXIS2_PLACEMENT_3D('',#5462,#4452,#4453);
#3627=AXIS2_PLACEMENT_3D('',#5463,#4454,#4455);
#3628=AXIS2_PLACEMENT_3D('',#5465,#4456,#4457);
#3629=AXIS2_PLACEMENT_3D('',#5467,#4458,#4459);
#3630=AXIS2_PLACEMENT_3D('',#5468,#4460,#4461);
#3631=AXIS2_PLACEMENT_3D('',#5470,#4462,#4463);
#3632=AXIS2_PLACEMENT_3D('',#5472,#4464,#4465);
#3633=AXIS2_PLACEMENT_3D('',#5473,#4466,#4467);
#3634=AXIS2_PLACEMENT_3D('',#5475,#4468,#4469);
#3635=AXIS2_PLACEMENT_3D('',#5477,#4470,#4471);
#3636=AXIS2_PLACEMENT_3D('',#5478,#4472,#4473);
#3637=AXIS2_PLACEMENT_3D('',#5480,#4474,#4475);
#3638=AXIS2_PLACEMENT_3D('',#5482,#4476,#4477);
#3639=AXIS2_PLACEMENT_3D('',#5483,#4478,#4479);
#3640=AXIS2_PLACEMENT_3D('',#5486,#4480,#4481);
#3641=AXIS2_PLACEMENT_3D('',#5490,#4483,#4484);
#3642=AXIS2_PLACEMENT_3D('',#5492,#4486,#4487);
#3643=AXIS2_PLACEMENT_3D('',#5495,#4490,#4491);
#3644=AXIS2_PLACEMENT_3D('',#5498,#4494,#4495);
#3645=AXIS2_PLACEMENT_3D('',#5499,#4496,#4497);
#3646=AXIS2_PLACEMENT_3D('',#5500,#4498,#4499);
#3647=AXIS2_PLACEMENT_3D('',#5503,#4500,#4501);
#3648=AXIS2_PLACEMENT_3D('',#5507,#4503,#4504);
#3649=AXIS2_PLACEMENT_3D('',#5509,#4506,#4507);
#3650=AXIS2_PLACEMENT_3D('',#5512,#4510,#4511);
#3651=AXIS2_PLACEMENT_3D('',#5515,#4514,#4515);
#3652=AXIS2_PLACEMENT_3D('',#5516,#4516,#4517);
#3653=AXIS2_PLACEMENT_3D('',#5517,#4518,#4519);
#3654=AXIS2_PLACEMENT_3D('',#5520,#4520,#4521);
#3655=AXIS2_PLACEMENT_3D('',#5524,#4523,#4524);
#3656=AXIS2_PLACEMENT_3D('',#5526,#4526,#4527);
#3657=AXIS2_PLACEMENT_3D('',#5529,#4530,#4531);
#3658=AXIS2_PLACEMENT_3D('',#5532,#4534,#4535);
#3659=AXIS2_PLACEMENT_3D('',#5533,#4536,#4537);
#3660=AXIS2_PLACEMENT_3D('',#5534,#4538,#4539);
#3661=AXIS2_PLACEMENT_3D('',#5537,#4540,#4541);
#3662=AXIS2_PLACEMENT_3D('',#5541,#4543,#4544);
#3663=AXIS2_PLACEMENT_3D('',#5543,#4546,#4547);
#3664=AXIS2_PLACEMENT_3D('',#5546,#4550,#4551);
#3665=AXIS2_PLACEMENT_3D('',#5549,#4554,#4555);
#3666=AXIS2_PLACEMENT_3D('',#5550,#4556,#4557);
#3667=AXIS2_PLACEMENT_3D('',#5551,#4558,#4559);
#3668=AXIS2_PLACEMENT_3D('',#5553,#4560,#4561);
#3669=AXIS2_PLACEMENT_3D('',#5555,#4562,#4563);
#3670=AXIS2_PLACEMENT_3D('',#5556,#4564,#4565);
#3671=AXIS2_PLACEMENT_3D('',#5558,#4566,#4567);
#3672=AXIS2_PLACEMENT_3D('',#5560,#4568,#4569);
#3673=AXIS2_PLACEMENT_3D('',#5561,#4570,#4571);
#3674=AXIS2_PLACEMENT_3D('',#5564,#4572,#4573);
#3675=AXIS2_PLACEMENT_3D('',#5568,#4575,#4576);
#3676=AXIS2_PLACEMENT_3D('',#5570,#4578,#4579);
#3677=AXIS2_PLACEMENT_3D('',#5573,#4582,#4583);
#3678=AXIS2_PLACEMENT_3D('',#5576,#4586,#4587);
#3679=AXIS2_PLACEMENT_3D('',#5577,#4588,#4589);
#3680=AXIS2_PLACEMENT_3D('',#5578,#4590,#4591);
#3681=AXIS2_PLACEMENT_3D('',#5581,#4592,#4593);
#3682=AXIS2_PLACEMENT_3D('',#5585,#4595,#4596);
#3683=AXIS2_PLACEMENT_3D('',#5587,#4598,#4599);
#3684=AXIS2_PLACEMENT_3D('',#5590,#4602,#4603);
#3685=AXIS2_PLACEMENT_3D('',#5593,#4606,#4607);
#3686=AXIS2_PLACEMENT_3D('',#5594,#4608,#4609);
#3687=AXIS2_PLACEMENT_3D('',#5595,#4610,#4611);
#3688=AXIS2_PLACEMENT_3D('',#5598,#4612,#4613);
#3689=AXIS2_PLACEMENT_3D('',#5601,#4616,#4617);
#3690=AXIS2_PLACEMENT_3D('',#5603,#4618,#4619);
#3691=AXIS2_PLACEMENT_3D('',#5607,#4621,#4622);
#3692=AXIS2_PLACEMENT_3D('',#5609,#4623,#4624);
#3693=AXIS2_PLACEMENT_3D('',#5611,#4626,#4627);
#3694=AXIS2_PLACEMENT_3D('',#5613,#4629,#4630);
#3695=AXIS2_PLACEMENT_3D('',#5616,#4633,#4634);
#3696=AXIS2_PLACEMENT_3D('',#5618,#4636,#4637);
#3697=AXIS2_PLACEMENT_3D('',#5620,#4639,#4640);
#3698=AXIS2_PLACEMENT_3D('',#5621,#4641,#4642);
#3699=AXIS2_PLACEMENT_3D('',#5627,#4646,#4647);
#3700=AXIS2_PLACEMENT_3D('',#5631,#4650,#4651);
#3701=AXIS2_PLACEMENT_3D('',#5635,#4654,#4655);
#3702=AXIS2_PLACEMENT_3D('',#5637,#4657,#4658);
#3703=AXIS2_PLACEMENT_3D('',#5638,#4659,#4660);
#3704=AXIS2_PLACEMENT_3D('',#5640,#4661,#4662);
#3705=AXIS2_PLACEMENT_3D('',#5644,#4664,#4665);
#3706=AXIS2_PLACEMENT_3D('',#5646,#4667,#4668);
#3707=AXIS2_PLACEMENT_3D('',#5648,#4670,#4671);
#3708=AXIS2_PLACEMENT_3D('',#5650,#4673,#4674);
#3709=AXIS2_PLACEMENT_3D('',#5652,#4676,#4677);
#3710=AXIS2_PLACEMENT_3D('',#5653,#4678,#4679);
#3711=DIRECTION('axis',(0.,0.,1.));
#3712=DIRECTION('refdir',(1.,0.,0.));
#3713=DIRECTION('center_axis',(0.,-0.707106781186549,0.707106781186546));
#3714=DIRECTION('ref_axis',(1.,0.,0.));
#3715=DIRECTION('',(0.,0.707106781186546,0.707106781186549));
#3716=DIRECTION('',(-1.,0.,0.));
#3717=DIRECTION('',(0.,-0.707106781186546,-0.707106781186549));
#3718=DIRECTION('',(1.,0.,0.));
#3719=DIRECTION('center_axis',(0.,-2.22044604925031E-16,-1.));
#3720=DIRECTION('ref_axis',(0.707106781186547,-0.707106781186547,1.57009245868377E-16));
#3721=DIRECTION('center_axis',(0.,2.22044604925031E-16,1.));
#3722=DIRECTION('ref_axis',(0.707106781186548,-0.707106781186548,1.57009245868378E-16));
#3723=DIRECTION('',(-0.70710678118654,1.57009245868379E-16,0.707106781186555));
#3724=DIRECTION('center_axis',(0.,-2.22044604925031E-16,-1.));
#3725=DIRECTION('ref_axis',(0.707106781186548,-0.707106781186548,1.57009245868378E-16));
#3726=DIRECTION('center_axis',(0.707106781186549,1.57009245868377E-16,0.707106781186546));
#3727=DIRECTION('ref_axis',(0.,1.,-2.22044604925031E-16));
#3728=DIRECTION('',(-0.707106781186546,3.29719416323593E-15,0.707106781186549));
#3729=DIRECTION('',(0.,-1.,2.22044604925031E-16));
#3730=DIRECTION('',(0.,1.,-2.22044604925031E-16));
#3731=DIRECTION('center_axis',(0.,-2.22044604925031E-16,-1.));
#3732=DIRECTION('ref_axis',(0.707106781186546,0.707106781186549,-1.57009245868378E-16));
#3733=DIRECTION('center_axis',(0.,2.22044604925031E-16,1.));
#3734=DIRECTION('ref_axis',(0.707106781186546,0.707106781186549,-1.57009245868378E-16));
#3735=DIRECTION('',(0.,-0.707106781186546,0.707106781186549));
#3736=DIRECTION('center_axis',(0.,-2.22044604925031E-16,-1.));
#3737=DIRECTION('ref_axis',(0.707106781186546,0.707106781186549,-1.57009245868378E-16));
#3738=DIRECTION('center_axis',(0.,0.707106781186549,0.707106781186546));
#3739=DIRECTION('ref_axis',(-1.,0.,0.));
#3740=DIRECTION('',(0.,-0.707106781186546,0.707106781186549));
#3741=DIRECTION('',(1.,0.,0.));
#3742=DIRECTION('',(-1.,0.,0.));
#3743=DIRECTION('center_axis',(0.,-2.22044604925031E-16,-1.));
#3744=DIRECTION('ref_axis',(-0.707106781186546,0.707106781186549,-1.57009245868378E-16));
#3745=DIRECTION('center_axis',(0.,2.22044604925031E-16,1.));
#3746=DIRECTION('ref_axis',(-0.707106781186546,0.707106781186549,-1.57009245868378E-16));
#3747=DIRECTION('',(0.707106781186546,1.57009245868378E-16,0.707106781186549));
#3748=DIRECTION('center_axis',(0.,-2.22044604925031E-16,-1.));
#3749=DIRECTION('ref_axis',(-0.707106781186546,0.707106781186549,-1.57009245868378E-16));
#3750=DIRECTION('center_axis',(-0.707106781186549,1.57009245868377E-16,
0.707106781186546));
#3751=DIRECTION('ref_axis',(0.,-1.,2.22044604925031E-16));
#3752=DIRECTION('',(0.707106781186546,1.57009245868378E-16,0.707106781186549));
#3753=DIRECTION('',(0.,1.,-2.22044604925031E-16));
#3754=DIRECTION('',(0.,-1.,2.22044604925031E-16));
#3755=DIRECTION('center_axis',(0.,-2.22044604925031E-16,-1.));
#3756=DIRECTION('ref_axis',(-0.707106781186547,-0.707106781186547,1.57009245868377E-16));
#3757=DIRECTION('center_axis',(0.,2.22044604925031E-16,1.));
#3758=DIRECTION('ref_axis',(-0.707106781186548,-0.707106781186548,1.57009245868378E-16));
#3759=DIRECTION('center_axis',(0.,-2.22044604925031E-16,-1.));
#3760=DIRECTION('ref_axis',(-0.707106781186548,-0.707106781186548,1.57009245868378E-16));
#3761=DIRECTION('center_axis',(0.,2.22044604925031E-16,1.));
#3762=DIRECTION('ref_axis',(0.707106781186546,0.707106781186549,-1.57009245868378E-16));
#3763=DIRECTION('',(0.,-2.22044604925031E-16,-1.));
#3764=DIRECTION('center_axis',(0.,2.22044604925031E-16,1.));
#3765=DIRECTION('ref_axis',(0.707106781186546,0.707106781186549,-1.57009245868378E-16));
#3766=DIRECTION('',(0.,2.22044604925031E-16,1.));
#3767=DIRECTION('center_axis',(1.,0.,0.));
#3768=DIRECTION('ref_axis',(0.,1.,-2.22044604925031E-16));
#3769=DIRECTION('',(0.,2.22044604925031E-16,1.));
#3770=DIRECTION('',(0.,1.,-2.22044604925031E-16));
#3771=DIRECTION('center_axis',(0.,2.22044604925031E-16,1.));
#3772=DIRECTION('ref_axis',(0.707106781186548,-0.707106781186548,1.57009245868378E-16));
#3773=DIRECTION('',(0.,-2.22044604925031E-16,-1.));
#3774=DIRECTION('center_axis',(0.,2.22044604925031E-16,1.));
#3775=DIRECTION('ref_axis',(0.707106781186548,-0.707106781186548,1.57009245868378E-16));
#3776=DIRECTION('center_axis',(0.,-1.,2.22044604925031E-16));
#3777=DIRECTION('ref_axis',(1.,0.,0.));
#3778=DIRECTION('',(0.,2.22044604925031E-16,1.));
#3779=DIRECTION('',(1.,0.,0.));
#3780=DIRECTION('',(1.,0.,0.));
#3781=DIRECTION('',(0.,-2.22044604925031E-16,-1.));
#3782=DIRECTION('',(-1.,0.,0.));
#3783=DIRECTION('',(0.,2.22044604925031E-16,1.));
#3784=DIRECTION('center_axis',(0.,2.22044604925031E-16,1.));
#3785=DIRECTION('ref_axis',(0.,-1.,2.22044604925031E-16));
#3786=DIRECTION('',(-1.,0.,0.));
#3787=DIRECTION('',(0.,1.,-2.22044604925031E-16));
#3788=DIRECTION('',(-1.,0.,0.));
#3789=DIRECTION('',(0.,1.,-2.22044604925031E-16));
#3790=DIRECTION('',(0.,1.,-2.22044604925031E-16));
#3791=DIRECTION('',(1.,2.10559539153047E-16,-4.6753609684435E-32));
#3792=DIRECTION('',(0.,-1.,2.22044604925031E-16));
#3793=DIRECTION('',(-1.,-1.81846874723086E-16,4.03781174547393E-32));
#3794=DIRECTION('',(0.,1.,-2.22044604925031E-16));
#3795=DIRECTION('',(1.,2.10559539153047E-16,-4.6753609684435E-32));
#3796=DIRECTION('',(0.,-1.,2.22044604925031E-16));
#3797=DIRECTION('',(-1.,-1.81846874723086E-16,4.03781174547393E-32));
#3798=DIRECTION('',(-1.,0.,0.));
#3799=DIRECTION('',(0.,-1.,2.22044604925031E-16));
#3800=DIRECTION('',(-1.,-1.60514172234962E-16,3.56413059587806E-32));
#3801=DIRECTION('',(0.,1.,-2.22044604925031E-16));
#3802=DIRECTION('',(1.,2.10559539153047E-16,-4.6753609684435E-32));
#3803=DIRECTION('',(0.,1.,-2.22044604925031E-16));
#3804=DIRECTION('',(1.,0.,0.));
#3805=DIRECTION('',(0.,-1.,2.22044604925031E-16));
#3806=DIRECTION('',(1.,2.10559539153047E-16,-4.6753609684435E-32));
#3807=DIRECTION('',(0.,-1.,2.22044604925031E-16));
#3808=DIRECTION('',(-1.,-1.81846874723086E-16,4.03781174547393E-32));
#3809=DIRECTION('',(0.,-1.,2.22044604925031E-16));
#3810=DIRECTION('',(-1.,0.,0.));
#3811=DIRECTION('',(0.,-1.,2.22044604925031E-16));
#3812=DIRECTION('',(-1.,-1.60514172234962E-16,3.56413059587806E-32));
#3813=DIRECTION('',(0.,1.,-2.22044604925031E-16));
#3814=DIRECTION('',(0.,-1.,2.22044604925031E-16));
#3815=DIRECTION('',(-1.,-2.01858731750028E-16,4.48216423421029E-32));
#3816=DIRECTION('',(0.,-1.,2.22044604925031E-16));
#3817=DIRECTION('',(-1.,0.,0.));
#3818=DIRECTION('',(-1.,0.,0.));
#3819=DIRECTION('',(0.,-1.,2.22044604925031E-16));
#3820=DIRECTION('',(-1.,-1.60514172234962E-16,3.56413059587806E-32));
#3821=DIRECTION('',(0.,1.,-2.22044604925031E-16));
#3822=DIRECTION('',(-1.,0.,0.));
#3823=DIRECTION('',(0.,-1.,2.22044604925031E-16));
#3824=DIRECTION('',(-1.,-1.60514172234962E-16,3.56413059587806E-32));
#3825=DIRECTION('',(0.,1.,-2.22044604925031E-16));
#3826=DIRECTION('center_axis',(0.,2.22044604925031E-16,1.));
#3827=DIRECTION('ref_axis',(0.707106781186548,-0.707106781186548,1.57009245868378E-16));
#3828=DIRECTION('center_axis',(0.,-2.22044604925031E-16,-1.));
#3829=DIRECTION('ref_axis',(0.707106781186548,-0.707106781186548,1.57009245868378E-16));
#3830=DIRECTION('',(0.,-2.22044604925031E-16,-1.));
#3831=DIRECTION('center_axis',(0.,2.22044604925031E-16,1.));
#3832=DIRECTION('ref_axis',(0.707106781186548,-0.707106781186548,1.57009245868378E-16));
#3833=DIRECTION('',(0.,2.22044604925031E-16,1.));
#3834=DIRECTION('center_axis',(0.,-1.,2.22044604925031E-16));
#3835=DIRECTION('ref_axis',(1.,0.,0.));
#3836=DIRECTION('',(1.,0.,0.));
#3837=DIRECTION('',(0.,2.22044604925031E-16,1.));
#3838=DIRECTION('',(-1.,0.,0.));
#3839=DIRECTION('',(0.,-2.22044604925031E-16,-1.));
#3840=DIRECTION('',(1.,0.,0.));
#3841=DIRECTION('',(0.,2.22044604925031E-16,1.));
#3842=DIRECTION('',(-1.,0.,0.));
#3843=DIRECTION('center_axis',(0.,2.22044604925031E-16,1.));
#3844=DIRECTION('ref_axis',(0.,-1.,2.22044604925031E-16));
#3845=DIRECTION('',(0.,1.,-2.22044604925031E-16));
#3846=DIRECTION('center_axis',(0.,-2.22044604925031E-16,-1.));
#3847=DIRECTION('ref_axis',(0.707106781186546,0.707106781186549,-1.57009245868378E-16));
#3848=DIRECTION('',(-1.,0.,0.));
#3849=DIRECTION('center_axis',(0.,-2.22044604925031E-16,-1.));
#3850=DIRECTION('ref_axis',(-0.707106781186546,0.707106781186549,-1.57009245868378E-16));
#3851=DIRECTION('',(0.,-1.,2.22044604925031E-16));
#3852=DIRECTION('center_axis',(0.,-2.22044604925031E-16,-1.));
#3853=DIRECTION('ref_axis',(-0.707106781186548,-0.707106781186548,1.57009245868378E-16));
#3854=DIRECTION('center_axis',(0.,2.22044604925031E-16,1.));
#3855=DIRECTION('ref_axis',(0.707106781186551,0.707106781186544,-1.57009245868377E-16));
#3856=DIRECTION('center_axis',(0.,-2.22044604925031E-16,-1.));
#3857=DIRECTION('ref_axis',(-0.707106781186551,-0.707106781186544,1.57009245868377E-16));
#3858=DIRECTION('',(-1.,0.,0.));
#3859=DIRECTION('center_axis',(0.,-2.22044604925031E-16,-1.));
#3860=DIRECTION('ref_axis',(0.707106781186548,-0.707106781186548,1.57009245868378E-16));
#3861=DIRECTION('center_axis',(0.,2.22044604925031E-16,1.));
#3862=DIRECTION('ref_axis',(-0.707106781186548,0.707106781186548,-1.57009245868378E-16));
#3863=DIRECTION('center_axis',(0.,2.22044604925031E-16,1.));
#3864=DIRECTION('ref_axis',(-0.707106781186548,-0.707106781186548,1.57009245868378E-16));
#3865=DIRECTION('',(0.,-1.,2.22044604925031E-16));
#3866=DIRECTION('center_axis',(0.,2.22044604925031E-16,1.));
#3867=DIRECTION('ref_axis',(-0.707106781186546,0.707106781186549,-1.57009245868378E-16));
#3868=DIRECTION('',(-1.,0.,0.));
#3869=DIRECTION('center_axis',(0.,2.22044604925031E-16,1.));
#3870=DIRECTION('ref_axis',(0.707106781186546,0.707106781186549,-1.57009245868378E-16));
#3871=DIRECTION('',(0.,-2.22044604925031E-16,-1.));
#3872=DIRECTION('center_axis',(0.,2.22044604925031E-16,1.));
#3873=DIRECTION('ref_axis',(0.707106781186546,0.707106781186549,-1.57009245868378E-16));
#3874=DIRECTION('',(0.,2.22044604925031E-16,1.));
#3875=DIRECTION('center_axis',(0.,1.,-2.22044604925031E-16));
#3876=DIRECTION('ref_axis',(-1.,0.,0.));
#3877=DIRECTION('',(1.,0.,0.));
#3878=DIRECTION('',(0.,-2.22044604925031E-16,-1.));
#3879=DIRECTION('',(1.,0.,0.));
#3880=DIRECTION('',(0.,2.22044604925031E-16,1.));
#3881=DIRECTION('',(-1.,0.,0.));
#3882=DIRECTION('',(0.,-2.22044604925031E-16,-1.));
#3883=DIRECTION('',(1.,0.,0.));
#3884=DIRECTION('',(0.,2.22044604925031E-16,1.));
#3885=DIRECTION('',(-1.,0.,0.));
#3886=DIRECTION('',(0.,-2.22044604925031E-16,-1.));
#3887=DIRECTION('',(1.,0.,0.));
#3888=DIRECTION('',(0.,2.22044604925031E-16,1.));
#3889=DIRECTION('',(-1.,0.,0.));
#3890=DIRECTION('',(0.,-2.22044604925031E-16,-1.));
#3891=DIRECTION('center_axis',(0.,2.22044604925031E-16,1.));
#3892=DIRECTION('ref_axis',(-0.707106781186546,0.707106781186549,-1.57009245868378E-16));
#3893=DIRECTION('center_axis',(0.,2.22044604925031E-16,1.));
#3894=DIRECTION('ref_axis',(-0.707106781186546,0.707106781186549,-1.57009245868378E-16));
#3895=DIRECTION('',(0.,2.22044604925031E-16,1.));
#3896=DIRECTION('center_axis',(0.,2.22044604925031E-16,1.));
#3897=DIRECTION('ref_axis',(-0.707106781186548,-0.707106781186548,1.57009245868378E-16));
#3898=DIRECTION('',(0.,-2.22044604925031E-16,-1.));
#3899=DIRECTION('center_axis',(0.,2.22044604925031E-16,1.));
#3900=DIRECTION('ref_axis',(-0.707106781186548,-0.707106781186548,1.57009245868378E-16));
#3901=DIRECTION('center_axis',(1.,0.,0.));
#3902=DIRECTION('ref_axis',(0.,-3.70074341541719E-16,-1.));
#3903=DIRECTION('center_axis',(1.,0.,0.));
#3904=DIRECTION('ref_axis',(0.,1.,-2.22044604925031E-16));
#3905=DIRECTION('center_axis',(0.,1.,-2.31296463463574E-16));
#3906=DIRECTION('ref_axis',(0.,2.31296463463574E-16,1.));
#3907=DIRECTION('center_axis',(1.,0.,0.));
#3908=DIRECTION('ref_axis',(0.,-3.70074341541719E-16,-1.));
#3909=DIRECTION('center_axis',(1.,0.,0.));
#3910=DIRECTION('ref_axis',(0.,1.,-2.22044604925031E-16));
#3911=DIRECTION('center_axis',(0.,1.,-2.31296463463574E-16));
#3912=DIRECTION('ref_axis',(0.,2.31296463463574E-16,1.));
#3913=DIRECTION('center_axis',(1.,0.,0.));
#3914=DIRECTION('ref_axis',(0.,-3.70074341541719E-16,-1.));
#3915=DIRECTION('center_axis',(1.,0.,0.));
#3916=DIRECTION('ref_axis',(0.,1.,-2.22044604925031E-16));
#3917=DIRECTION('center_axis',(0.,1.,0.));
#3918=DIRECTION('ref_axis',(0.,0.,1.));
#3919=DIRECTION('center_axis',(1.,0.,0.));
#3920=DIRECTION('ref_axis',(0.,-3.70074341541719E-16,-1.));
#3921=DIRECTION('center_axis',(1.,0.,0.));
#3922=DIRECTION('ref_axis',(0.,1.,-2.22044604925031E-16));
#3923=DIRECTION('center_axis',(0.,1.,0.));
#3924=DIRECTION('ref_axis',(0.,0.,1.));
#3925=DIRECTION('center_axis',(1.,0.,0.));
#3926=DIRECTION('ref_axis',(0.,-3.70074341541719E-16,-1.));
#3927=DIRECTION('center_axis',(1.,0.,0.));
#3928=DIRECTION('ref_axis',(0.,1.,-2.22044604925031E-16));
#3929=DIRECTION('center_axis',(0.,1.,-2.31296463463574E-16));
#3930=DIRECTION('ref_axis',(0.,2.31296463463574E-16,1.));
#3931=DIRECTION('center_axis',(1.,0.,0.));
#3932=DIRECTION('ref_axis',(0.,-3.70074341541719E-16,-1.));
#3933=DIRECTION('center_axis',(1.,0.,0.));
#3934=DIRECTION('ref_axis',(0.,1.,-2.22044604925031E-16));
#3935=DIRECTION('center_axis',(0.,1.,0.));
#3936=DIRECTION('ref_axis',(0.,0.,1.));
#3937=DIRECTION('center_axis',(0.,-0.8908568330834,0.454284165416995));
#3938=DIRECTION('ref_axis',(0.,-0.454284165416995,-0.8908568330834));
#3939=DIRECTION('',(0.,-0.454284165416995,-0.8908568330834));
#3940=DIRECTION('',(0.,-0.454284165416995,-0.8908568330834));
#3941=DIRECTION('',(1.,0.,0.));
#3942=DIRECTION('center_axis',(1.,0.,0.));
#3943=DIRECTION('ref_axis',(0.,0.58791857693578,0.808920111564676));
#3944=DIRECTION('center_axis',(-1.,0.,0.));
#3945=DIRECTION('ref_axis',(0.,-1.,2.22044604925031E-16));
#3946=DIRECTION('center_axis',(1.,0.,0.));
#3947=DIRECTION('ref_axis',(0.,-1.,2.22044604925031E-16));
#3948=DIRECTION('',(1.,0.,0.));
#3949=DIRECTION('center_axis',(0.,0.707106781186548,-0.707106781186547));
#3950=DIRECTION('ref_axis',(0.,0.707106781186547,0.707106781186548));
#3951=DIRECTION('',(0.,-0.707106781186547,-0.707106781186548));
#3952=DIRECTION('',(0.,0.707106781186547,0.707106781186548));
#3953=DIRECTION('center_axis',(-1.,0.,0.));
#3954=DIRECTION('ref_axis',(0.,-1.,2.22044604925031E-16));
#3955=DIRECTION('center_axis',(-1.,0.,0.));
#3956=DIRECTION('ref_axis',(0.,-1.,2.22044604925031E-16));
#3957=DIRECTION('center_axis',(0.,-0.8908568330834,0.454284165416995));
#3958=DIRECTION('ref_axis',(0.,-0.454284165416995,-0.8908568330834));
#3959=DIRECTION('',(0.,-0.454284165416995,-0.8908568330834));
#3960=DIRECTION('',(0.,-0.454284165416995,-0.8908568330834));
#3961=DIRECTION('',(1.,0.,0.));
#3962=DIRECTION('center_axis',(1.,0.,0.));
#3963=DIRECTION('ref_axis',(0.,0.587918576935778,0.808920111564677));
#3964=DIRECTION('center_axis',(-1.,0.,0.));
#3965=DIRECTION('ref_axis',(0.,-1.,2.22044604925031E-16));
#3966=DIRECTION('center_axis',(1.,0.,0.));
#3967=DIRECTION('ref_axis',(0.,-1.,2.22044604925031E-16));
#3968=DIRECTION('',(1.,0.,0.));
#3969=DIRECTION('center_axis',(0.,0.707106781186548,-0.707106781186547));
#3970=DIRECTION('ref_axis',(0.,0.707106781186547,0.707106781186548));
#3971=DIRECTION('',(0.,-0.707106781186547,-0.707106781186548));
#3972=DIRECTION('',(0.,0.707106781186547,0.707106781186548));
#3973=DIRECTION('center_axis',(-1.,0.,0.));
#3974=DIRECTION('ref_axis',(0.,-1.,2.22044604925031E-16));
#3975=DIRECTION('center_axis',(-1.,0.,0.));
#3976=DIRECTION('ref_axis',(0.,-1.,2.22044604925031E-16));
#3977=DIRECTION('center_axis',(0.,-0.8908568330834,0.454284165416995));
#3978=DIRECTION('ref_axis',(0.,-0.454284165416995,-0.8908568330834));
#3979=DIRECTION('',(0.,-0.454284165416995,-0.8908568330834));
#3980=DIRECTION('',(0.,-0.454284165416995,-0.8908568330834));
#3981=DIRECTION('',(1.,0.,0.));
#3982=DIRECTION('center_axis',(1.,0.,0.));
#3983=DIRECTION('ref_axis',(0.,0.587918576935778,0.808920111564677));
#3984=DIRECTION('center_axis',(-1.,0.,0.));
#3985=DIRECTION('ref_axis',(0.,-1.,2.22044604925031E-16));
#3986=DIRECTION('center_axis',(1.,0.,0.));
#3987=DIRECTION('ref_axis',(0.,-1.,2.22044604925031E-16));
#3988=DIRECTION('',(1.,0.,0.));
#3989=DIRECTION('center_axis',(0.,0.707106781186548,-0.707106781186547));
#3990=DIRECTION('ref_axis',(0.,0.707106781186547,0.707106781186548));
#3991=DIRECTION('',(0.,-0.707106781186547,-0.707106781186548));
#3992=DIRECTION('',(0.,0.707106781186547,0.707106781186548));
#3993=DIRECTION('center_axis',(-1.,0.,0.));
#3994=DIRECTION('ref_axis',(0.,-1.,2.22044604925031E-16));
#3995=DIRECTION('center_axis',(-1.,0.,0.));
#3996=DIRECTION('ref_axis',(0.,-1.,2.22044604925031E-16));
#3997=DIRECTION('center_axis',(0.,-2.22044604925031E-16,-1.));
#3998=DIRECTION('ref_axis',(-0.707106781186548,0.707106781186548,-1.57009245868378E-16));
#3999=DIRECTION('center_axis',(0.,-0.707106781186547,-0.707106781186548));
#4000=DIRECTION('ref_axis',(-4.9065389333868E-17,0.707106781186548,-0.707106781186547));
#4001=DIRECTION('',(0.,2.22044604925031E-16,1.));
#4002=DIRECTION('center_axis',(0.,2.22044604925031E-16,1.));
#4003=DIRECTION('ref_axis',(0.707106781186548,-0.707106781186548,1.57009245868378E-16));
#4004=DIRECTION('',(0.,-2.22044604925031E-16,-1.));
#4005=DIRECTION('center_axis',(0.,0.707106781186547,0.707106781186548));
#4006=DIRECTION('ref_axis',(4.9065389333868E-17,-0.707106781186548,0.707106781186547));
#4007=DIRECTION('center_axis',(0.,-0.707106781186547,-0.707106781186548));
#4008=DIRECTION('ref_axis',(1.,0.,0.));
#4009=DIRECTION('',(-1.,0.,0.));
#4010=DIRECTION('center_axis',(0.,0.707106781186547,0.707106781186548));
#4011=DIRECTION('ref_axis',(9.8130778667736E-17,-0.707106781186548,0.707106781186547));
#4012=DIRECTION('center_axis',(0.,-0.707106781186547,-0.707106781186548));
#4013=DIRECTION('ref_axis',(-9.8130778667736E-17,0.707106781186548,-0.707106781186547));
#4014=DIRECTION('center_axis',(0.,-2.22044604925031E-16,-1.));
#4015=DIRECTION('ref_axis',(-0.707106781186551,-0.707106781186544,1.57009245868377E-16));
#4016=DIRECTION('',(0.,2.22044604925031E-16,1.));
#4017=DIRECTION('',(0.,2.22044604925031E-16,1.));
#4018=DIRECTION('center_axis',(0.,2.22044604925031E-16,1.));
#4019=DIRECTION('ref_axis',(0.707106781186551,0.707106781186544,-1.57009245868377E-16));
#4020=DIRECTION('center_axis',(0.,-1.,2.22044604925031E-16));
#4021=DIRECTION('ref_axis',(1.,0.,0.));
#4022=DIRECTION('center_axis',(0.,-0.707106781186676,-0.707106781186419));
#4023=DIRECTION('ref_axis',(0.,0.707106781186419,-0.707106781186676));
#4024=DIRECTION('',(0.,-0.707106781186419,0.707106781186676));
#4025=DIRECTION('',(0.,0.707106781186419,-0.707106781186676));
#4026=DIRECTION('',(1.,0.,0.));
#4027=DIRECTION('center_axis',(0.,-1.,2.13384865333324E-13));
#4028=DIRECTION('ref_axis',(0.,-2.13384865333324E-13,-1.));
#4029=DIRECTION('',(0.,-2.13384865333324E-13,-1.));
#4030=DIRECTION('',(0.,-2.13384865333324E-13,-1.));
#4031=DIRECTION('',(1.,0.,0.));
#4032=DIRECTION('center_axis',(0.,-0.707106781186886,0.707106781186209));
#4033=DIRECTION('ref_axis',(0.,-0.707106781186209,-0.707106781186886));
#4034=DIRECTION('',(0.,-0.707106781186209,-0.707106781186886));
#4035=DIRECTION('',(0.,-0.707106781186209,-0.707106781186886));
#4036=DIRECTION('center_axis',(-1.,0.,0.));
#4037=DIRECTION('ref_axis',(0.,-1.,2.22044604925031E-16));
#4038=DIRECTION('center_axis',(1.,0.,0.));
#4039=DIRECTION('ref_axis',(0.,1.,-2.22044604925031E-16));
#4040=DIRECTION('center_axis',(0.,2.22044604925031E-16,1.));
#4041=DIRECTION('ref_axis',(-0.707106781186546,0.707106781186549,-1.57009245868378E-16));
#4042=DIRECTION('',(0.,-2.22044604925031E-16,-1.));
#4043=DIRECTION('',(0.,2.22044604925031E-16,1.));
#4044=DIRECTION('center_axis',(-1.,0.,0.));
#4045=DIRECTION('ref_axis',(0.,-1.,2.22044604925031E-16));
#4046=DIRECTION('',(0.,-2.22044604925031E-16,-1.));
#4047=DIRECTION('center_axis',(0.,2.22044604925031E-16,1.));
#4048=DIRECTION('ref_axis',(-0.707106781186548,-0.707106781186548,1.57009245868378E-16));
#4049=DIRECTION('center_axis',(0.,1.,-2.22044604925031E-16));
#4050=DIRECTION('ref_axis',(-1.,0.,0.));
#4051=DIRECTION('center_axis',(1.,0.,0.));
#4052=DIRECTION('ref_axis',(0.,1.,-2.22044604925031E-16));
#4053=DIRECTION('',(0.,-1.,2.22044604925031E-16));
#4054=DIRECTION('center_axis',(-1.,0.,0.));
#4055=DIRECTION('ref_axis',(0.,-1.,2.22044604925031E-16));
#4056=DIRECTION('',(0.,1.,-2.22044604925031E-16));
#4057=DIRECTION('center_axis',(1.,2.10559539153047E-16,-4.6753609684435E-32));
#4058=DIRECTION('ref_axis',(0.,-0.707106781186547,-0.707106781186548));
#4059=DIRECTION('center_axis',(-1.,0.,0.));
#4060=DIRECTION('ref_axis',(0.,-0.707106781186547,-0.707106781186548));
#4061=DIRECTION('',(-1.,-2.10559539153047E-16,4.6753609684435E-32));
#4062=DIRECTION('center_axis',(1.,0.,0.));
#4063=DIRECTION('ref_axis',(0.,-0.707106781186547,-0.707106781186548));
#4064=DIRECTION('',(1.,2.10559539153047E-16,-4.6753609684435E-32));
#4065=DIRECTION('center_axis',(1.,0.,0.));
#4066=DIRECTION('ref_axis',(0.,1.,-2.22044604925031E-16));
#4067=DIRECTION('',(0.,2.22044604925031E-16,1.));
#4068=DIRECTION('',(0.,-2.22044604925031E-16,-1.));
#4069=DIRECTION('',(0.,-1.,2.22044604925031E-16));
#4070=DIRECTION('center_axis',(-2.10559539153047E-16,1.,-2.22044604925031E-16));
#4071=DIRECTION('ref_axis',(-1.,-2.10559539153047E-16,4.6753609684435E-32));
#4072=DIRECTION('',(0.,-2.22044604925031E-16,-1.));
#4073=DIRECTION('center_axis',(1.,2.10559539153047E-16,-4.6753609684435E-32));
#4074=DIRECTION('ref_axis',(0.,-0.707106781186548,-0.707106781186548));
#4075=DIRECTION('center_axis',(-1.,0.,0.));
#4076=DIRECTION('ref_axis',(0.,-0.707106781186548,-0.707106781186548));
#4077=DIRECTION('',(-1.,-2.10559539153047E-16,4.6753609684435E-32));
#4078=DIRECTION('center_axis',(1.,0.,0.));
#4079=DIRECTION('ref_axis',(0.,-0.707106781186548,-0.707106781186548));
#4080=DIRECTION('',(1.,2.10559539153047E-16,-4.6753609684435E-32));
#4081=DIRECTION('center_axis',(-1.,0.,0.));
#4082=DIRECTION('ref_axis',(0.,-1.,2.22044604925031E-16));
#4083=DIRECTION('',(0.,2.22044604925031E-16,1.));
#4084=DIRECTION('',(0.,2.22044604925031E-16,1.));
#4085=DIRECTION('',(0.,1.,-2.22044604925031E-16));
#4086=DIRECTION('center_axis',(-2.10559539153047E-16,1.,-2.22044604925031E-16));
#4087=DIRECTION('ref_axis',(-1.,-2.10559539153047E-16,4.6753609684435E-32));
#4088=DIRECTION('',(0.,2.22044604925031E-16,1.));
#4089=DIRECTION('center_axis',(1.,2.10559539153047E-16,-4.6753609684435E-32));
#4090=DIRECTION('ref_axis',(0.,-0.707106781186548,-0.707106781186548));
#4091=DIRECTION('center_axis',(-1.,0.,0.));
#4092=DIRECTION('ref_axis',(0.,-0.707106781186548,-0.707106781186548));
#4093=DIRECTION('',(-1.,-2.10559539153047E-16,4.6753609684435E-32));
#4094=DIRECTION('center_axis',(1.,0.,0.));
#4095=DIRECTION('ref_axis',(0.,-0.707106781186548,-0.707106781186548));
#4096=DIRECTION('',(1.,2.10559539153047E-16,-4.6753609684435E-32));
#4097=DIRECTION('center_axis',(1.,0.,0.));
#4098=DIRECTION('ref_axis',(0.,1.,-2.22044604925031E-16));
#4099=DIRECTION('',(0.,2.22044604925031E-16,1.));
#4100=DIRECTION('',(0.,-2.22044604925031E-16,-1.));
#4101=DIRECTION('',(0.,-1.,2.22044604925031E-16));
#4102=DIRECTION('center_axis',(-2.10559539153047E-16,1.,-2.22044604925031E-16));
#4103=DIRECTION('ref_axis',(-1.,-2.10559539153047E-16,4.6753609684435E-32));
#4104=DIRECTION('',(0.,2.22044604925031E-16,1.));
#4105=DIRECTION('center_axis',(1.,2.10559539153047E-16,-4.6753609684435E-32));
#4106=DIRECTION('ref_axis',(0.,-0.707106781186548,-0.707106781186547));
#4107=DIRECTION('center_axis',(-1.,0.,0.));
#4108=DIRECTION('ref_axis',(0.,-0.707106781186548,-0.707106781186547));
#4109=DIRECTION('',(-1.,-2.10559539153047E-16,4.6753609684435E-32));
#4110=DIRECTION('center_axis',(1.,0.,0.));
#4111=DIRECTION('ref_axis',(0.,-0.707106781186548,-0.707106781186547));
#4112=DIRECTION('',(1.,2.10559539153047E-16,-4.6753609684435E-32));
#4113=DIRECTION('center_axis',(-1.,0.,0.));
#4114=DIRECTION('ref_axis',(0.,-1.,2.22044604925031E-16));
#4115=DIRECTION('',(0.,2.22044604925031E-16,1.));
#4116=DIRECTION('',(0.,2.22044604925031E-16,1.));
#4117=DIRECTION('',(0.,1.,-2.22044604925031E-16));
#4118=DIRECTION('center_axis',(-2.10559539153047E-16,1.,-2.22044604925031E-16));
#4119=DIRECTION('ref_axis',(-1.,-2.10559539153047E-16,4.6753609684435E-32));
#4120=DIRECTION('',(0.,2.22044604925031E-16,1.));
#4121=DIRECTION('center_axis',(-1.,0.,0.));
#4122=DIRECTION('ref_axis',(0.,-0.707106781186547,-0.707106781186548));
#4123=DIRECTION('center_axis',(1.,0.,0.));
#4124=DIRECTION('ref_axis',(0.,-0.707106781186547,-0.707106781186548));
#4125=DIRECTION('',(1.,0.,0.));
#4126=DIRECTION('center_axis',(-1.,0.,0.));
#4127=DIRECTION('ref_axis',(0.,-0.707106781186547,-0.707106781186548));
#4128=DIRECTION('',(-1.,0.,0.));
#4129=DIRECTION('center_axis',(-1.,0.,0.));
#4130=DIRECTION('ref_axis',(0.,-1.,2.22044604925031E-16));
#4131=DIRECTION('',(0.,-2.22044604925031E-16,-1.));
#4132=DIRECTION('',(0.,2.22044604925031E-16,1.));
#4133=DIRECTION('',(0.,1.,-2.22044604925031E-16));
#4134=DIRECTION('center_axis',(0.,-1.,2.22044604925031E-16));
#4135=DIRECTION('ref_axis',(1.,0.,0.));
#4136=DIRECTION('',(0.,2.22044604925031E-16,1.));
#4137=DIRECTION('center_axis',(-1.,0.,0.));
#4138=DIRECTION('ref_axis',(0.,-0.707106781186547,-0.707106781186548));
#4139=DIRECTION('center_axis',(1.,0.,0.));
#4140=DIRECTION('ref_axis',(0.,-0.707106781186547,-0.707106781186548));
#4141=DIRECTION('',(1.,0.,0.));
#4142=DIRECTION('center_axis',(-1.,0.,0.));
#4143=DIRECTION('ref_axis',(0.,-0.707106781186547,-0.707106781186548));
#4144=DIRECTION('',(-1.,0.,0.));
#4145=DIRECTION('center_axis',(1.,0.,0.));
#4146=DIRECTION('ref_axis',(0.,1.,-2.22044604925031E-16));
#4147=DIRECTION('',(0.,-1.,2.22044604925031E-16));
#4148=DIRECTION('',(0.,2.22044604925031E-16,1.));
#4149=DIRECTION('',(0.,2.22044604925031E-16,1.));
#4150=DIRECTION('center_axis',(0.,2.22044604925031E-16,1.));
#4151=DIRECTION('ref_axis',(1.,0.,0.));
#4152=DIRECTION('',(0.,-1.,2.22044604925031E-16));
#4153=DIRECTION('',(-1.,-2.01858731750028E-16,4.48216423421029E-32));
#4154=DIRECTION('center_axis',(-1.,0.,0.));
#4155=DIRECTION('ref_axis',(0.,-0.707106781186547,-0.707106781186548));
#4156=DIRECTION('center_axis',(1.,0.,0.));
#4157=DIRECTION('ref_axis',(0.,-0.707106781186547,-0.707106781186548));
#4158=DIRECTION('',(1.,0.,0.));
#4159=DIRECTION('center_axis',(-1.,0.,0.));
#4160=DIRECTION('ref_axis',(0.,-0.707106781186547,-0.707106781186548));
#4161=DIRECTION('',(-1.,0.,0.));
#4162=DIRECTION('center_axis',(-1.,0.,0.));
#4163=DIRECTION('ref_axis',(0.,-1.,2.22044604925031E-16));
#4164=DIRECTION('',(0.,-2.22044604925031E-16,-1.));
#4165=DIRECTION('',(0.,2.22044604925031E-16,1.));
#4166=DIRECTION('',(0.,1.,-2.22044604925031E-16));
#4167=DIRECTION('center_axis',(0.,-1.,2.22044604925031E-16));
#4168=DIRECTION('ref_axis',(1.,0.,0.));
#4169=DIRECTION('',(0.,2.22044604925031E-16,1.));
#4170=DIRECTION('center_axis',(-1.,0.,0.));
#4171=DIRECTION('ref_axis',(0.,-0.707106781186547,-0.707106781186548));
#4172=DIRECTION('center_axis',(1.,0.,0.));
#4173=DIRECTION('ref_axis',(0.,-0.707106781186547,-0.707106781186548));
#4174=DIRECTION('',(1.,0.,0.));
#4175=DIRECTION('center_axis',(-1.,0.,0.));
#4176=DIRECTION('ref_axis',(0.,-0.707106781186547,-0.707106781186548));
#4177=DIRECTION('',(-1.,0.,0.));
#4178=DIRECTION('center_axis',(-1.,0.,0.));
#4179=DIRECTION('ref_axis',(0.,-1.,2.22044604925031E-16));
#4180=DIRECTION('',(0.,-2.22044604925031E-16,-1.));
#4181=DIRECTION('',(0.,2.22044604925031E-16,1.));
#4182=DIRECTION('',(0.,1.,-2.22044604925031E-16));
#4183=DIRECTION('center_axis',(0.,-1.,2.22044604925031E-16));
#4184=DIRECTION('ref_axis',(1.,0.,0.));
#4185=DIRECTION('',(0.,2.22044604925031E-16,1.));
#4186=DIRECTION('center_axis',(-1.,0.,0.));
#4187=DIRECTION('ref_axis',(0.,-0.707106781186547,-0.707106781186548));
#4188=DIRECTION('center_axis',(1.,0.,0.));
#4189=DIRECTION('ref_axis',(0.,-0.707106781186547,-0.707106781186548));
#4190=DIRECTION('',(1.,0.,0.));
#4191=DIRECTION('center_axis',(-1.,0.,0.));
#4192=DIRECTION('ref_axis',(0.,-0.707106781186547,-0.707106781186548));
#4193=DIRECTION('',(-1.,0.,0.));
#4194=DIRECTION('center_axis',(-1.,0.,0.));
#4195=DIRECTION('ref_axis',(0.,-1.,2.22044604925031E-16));
#4196=DIRECTION('',(0.,-2.22044604925031E-16,-1.));
#4197=DIRECTION('',(0.,2.22044604925031E-16,1.));
#4198=DIRECTION('',(0.,1.,-2.22044604925031E-16));
#4199=DIRECTION('center_axis',(0.,-1.,2.22044604925031E-16));
#4200=DIRECTION('ref_axis',(1.,0.,0.));
#4201=DIRECTION('',(0.,2.22044604925031E-16,1.));
#4202=DIRECTION('center_axis',(1.,0.,0.));
#4203=DIRECTION('ref_axis',(0.,1.,-2.22044604925031E-16));
#4204=DIRECTION('',(0.,-1.,2.22044604925031E-16));
#4205=DIRECTION('',(0.,2.22044604925031E-16,1.));
#4206=DIRECTION('center_axis',(1.,0.,0.));
#4207=DIRECTION('ref_axis',(0.,1.,-2.22044604925031E-16));
#4208=DIRECTION('',(0.,-1.,2.22044604925031E-16));
#4209=DIRECTION('',(0.,2.22044604925031E-16,1.));
#4210=DIRECTION('center_axis',(-1.,0.,0.));
#4211=DIRECTION('ref_axis',(0.,-1.,2.22044604925031E-16));
#4212=DIRECTION('',(0.,2.22044604925031E-16,1.));
#4213=DIRECTION('',(0.,1.,-2.22044604925031E-16));
#4214=DIRECTION('',(0.,-2.22044604925031E-16,-1.));
#4215=DIRECTION('center_axis',(0.,-1.,2.22044604925031E-16));
#4216=DIRECTION('ref_axis',(1.,0.,0.));
#4217=DIRECTION('',(0.,2.22044604925031E-16,1.));
#4218=DIRECTION('',(-1.,0.,0.));
#4219=DIRECTION('center_axis',(1.81846874723086E-16,-1.,2.22044604925031E-16));
#4220=DIRECTION('ref_axis',(1.,1.81846874723086E-16,-4.03781174547393E-32));
#4221=DIRECTION('',(0.,2.22044604925031E-16,1.));
#4222=DIRECTION('',(-1.,-1.81846874723086E-16,4.03781174547393E-32));
#4223=DIRECTION('center_axis',(1.,0.,0.));
#4224=DIRECTION('ref_axis',(0.,1.,-2.22044604925031E-16));
#4225=DIRECTION('',(0.,-1.,2.22044604925031E-16));
#4226=DIRECTION('center_axis',(2.01858731750028E-16,-1.,2.22044604925031E-16));
#4227=DIRECTION('ref_axis',(1.,2.01858731750028E-16,-4.48216423421029E-32));
#4228=DIRECTION('',(0.,-2.22044604925031E-16,-1.));
#4229=DIRECTION('center_axis',(1.60514172234962E-16,-1.,2.22044604925031E-16));
#4230=DIRECTION('ref_axis',(1.,1.60514172234962E-16,-3.56413059587806E-32));
#4231=DIRECTION('',(0.,2.22044604925031E-16,1.));
#4232=DIRECTION('',(-1.,-1.60514172234962E-16,3.56413059587806E-32));
#4233=DIRECTION('center_axis',(1.81846874723086E-16,-1.,2.22044604925031E-16));
#4234=DIRECTION('ref_axis',(1.,1.81846874723086E-16,-4.03781174547393E-32));
#4235=DIRECTION('',(-1.,-1.81846874723086E-16,4.03781174547393E-32));
#4236=DIRECTION('center_axis',(1.81846874723086E-16,-1.,2.22044604925031E-16));
#4237=DIRECTION('ref_axis',(1.,1.81846874723086E-16,-4.03781174547393E-32));
#4238=DIRECTION('',(-1.,-1.81846874723086E-16,4.03781174547393E-32));
#4239=DIRECTION('center_axis',(1.,0.,0.));
#4240=DIRECTION('ref_axis',(0.,1.,-2.22044604925031E-16));
#4241=DIRECTION('',(0.,-1.,2.22044604925031E-16));
#4242=DIRECTION('center_axis',(1.60514172234962E-16,-1.,2.22044604925031E-16));
#4243=DIRECTION('ref_axis',(1.,1.60514172234962E-16,-3.56413059587806E-32));
#4244=DIRECTION('',(0.,2.22044604925031E-16,1.));
#4245=DIRECTION('',(-1.,-1.60514172234962E-16,3.56413059587806E-32));
#4246=DIRECTION('center_axis',(1.,0.,0.));
#4247=DIRECTION('ref_axis',(0.,1.,-2.22044604925031E-16));
#4248=DIRECTION('',(0.,-1.,2.22044604925031E-16));
#4249=DIRECTION('center_axis',(1.60514172234962E-16,-1.,2.22044604925031E-16));
#4250=DIRECTION('ref_axis',(1.,1.60514172234962E-16,-3.56413059587806E-32));
#4251=DIRECTION('',(0.,2.22044604925031E-16,1.));
#4252=DIRECTION('',(-1.,-1.60514172234962E-16,3.56413059587806E-32));
#4253=DIRECTION('center_axis',(1.,0.,0.));
#4254=DIRECTION('ref_axis',(0.,1.,-2.22044604925031E-16));
#4255=DIRECTION('',(0.,-1.,2.22044604925031E-16));
#4256=DIRECTION('center_axis',(1.60514172234962E-16,-1.,2.22044604925031E-16));
#4257=DIRECTION('ref_axis',(1.,1.60514172234962E-16,-3.56413059587806E-32));
#4258=DIRECTION('',(0.,2.22044604925031E-16,1.));
#4259=DIRECTION('',(-1.,-1.60514172234962E-16,3.56413059587806E-32));
#4260=DIRECTION('center_axis',(1.,0.,0.));
#4261=DIRECTION('ref_axis',(0.,1.,-2.22044604925031E-16));
#4262=DIRECTION('',(0.,-1.,2.22044604925031E-16));
#4263=DIRECTION('center_axis',(1.,0.,0.));
#4264=DIRECTION('ref_axis',(0.,1.,-2.22044604925031E-16));
#4265=DIRECTION('',(0.,-2.22044604925031E-16,-1.));
#4266=DIRECTION('center_axis',(-1.,0.,0.));
#4267=DIRECTION('ref_axis',(0.,-1.,2.22044604925031E-16));
#4268=DIRECTION('',(0.,2.22044604925031E-16,1.));
#4269=DIRECTION('',(0.,1.,-2.22044604925031E-16));
#4270=DIRECTION('center_axis',(-1.,0.,0.));
#4271=DIRECTION('ref_axis',(0.,-1.,2.22044604925031E-16));
#4272=DIRECTION('',(0.,1.,-2.22044604925031E-16));
#4273=DIRECTION('',(0.,-2.22044604925031E-16,-1.));
#4274=DIRECTION('center_axis',(0.,-1.,2.22044604925031E-16));
#4275=DIRECTION('ref_axis',(1.,0.,0.));
#4276=DIRECTION('',(-1.,0.,0.));
#4277=DIRECTION('center_axis',(0.,-1.,2.22044604925031E-16));
#4278=DIRECTION('ref_axis',(1.,0.,0.));
#4279=DIRECTION('center_axis',(0.,2.22044604925031E-16,1.));
#4280=DIRECTION('ref_axis',(1.,0.,0.));
#4281=DIRECTION('center_axis',(0.,2.22044604925031E-16,1.));
#4282=DIRECTION('ref_axis',(1.,0.,0.));
#4283=DIRECTION('center_axis',(0.,2.22044604925031E-16,1.));
#4284=DIRECTION('ref_axis',(1.,0.,0.));
#4285=DIRECTION('center_axis',(0.,2.22044604925031E-16,1.));
#4286=DIRECTION('ref_axis',(1.,0.,0.));
#4287=DIRECTION('center_axis',(0.,2.22044604925031E-16,1.));
#4288=DIRECTION('ref_axis',(1.,0.,0.));
#4289=DIRECTION('center_axis',(0.,2.22044604925031E-16,1.));
#4290=DIRECTION('ref_axis',(1.,0.,0.));
#4291=DIRECTION('',(1.,0.,0.));
#4292=DIRECTION('center_axis',(0.,2.22044604925031E-16,1.));
#4293=DIRECTION('ref_axis',(1.,0.,0.));
#4294=DIRECTION('center_axis',(0.,2.22044604925031E-16,1.));
#4295=DIRECTION('ref_axis',(1.,0.,0.));
#4296=DIRECTION('center_axis',(0.,1.,-2.22044604925031E-16));
#4297=DIRECTION('ref_axis',(-1.,0.,0.));
#4298=DIRECTION('center_axis',(0.,2.22044604925031E-16,1.));
#4299=DIRECTION('ref_axis',(1.,0.,0.));
#4300=DIRECTION('center_axis',(0.,2.22044604925031E-16,1.));
#4301=DIRECTION('ref_axis',(1.,0.,0.));
#4302=DIRECTION('center_axis',(-2.75901897130693E-17,-0.707106781186543,
0.707106781186552));
#4303=DIRECTION('ref_axis',(1.,-3.90184204806694E-17,8.663829760429E-33));
#4304=DIRECTION('',(0.,-0.707106781186552,-0.707106781186543));
#4305=DIRECTION('',(1.,-3.90184204806695E-17,8.85214023825929E-33));
#4306=DIRECTION('',(0.,0.707106781186552,0.707106781186543));
#4307=DIRECTION('',(-1.,3.90184204806695E-17,-8.85214023825929E-33));
#4308=DIRECTION('center_axis',(0.,2.22044604925031E-16,1.));
#4309=DIRECTION('ref_axis',(-1.,8.11121844475E-17,-1.30438340974774E-32));
#4310=DIRECTION('',(0.707106781186552,-1.57009245868376E-16,-0.707106781186543));
#4311=DIRECTION('center_axis',(4.96668885277403E-33,-9.9579925010296E-17,
-1.));
#4312=DIRECTION('ref_axis',(-1.,8.11121844475E-17,-1.30438340974774E-32));
#4313=DIRECTION('center_axis',(-4.96668885277403E-33,9.9579925010296E-17,
1.));
#4314=DIRECTION('ref_axis',(-1.,8.11121844475E-17,-1.30438340974774E-32));
#4315=DIRECTION('center_axis',(0.707106781186548,1.30586645851467E-17,0.707106781186547));
#4316=DIRECTION('ref_axis',(2.03576864362235E-16,1.,-2.22044604925031E-16));
#4317=DIRECTION('',(0.70710678118654,-1.57009245868379E-16,-0.707106781186555));
#4318=DIRECTION('',(8.11121844475E-17,1.,-9.9579925010296E-17));
#4319=DIRECTION('',(-8.11121844475E-17,-1.,9.9579925010296E-17));
#4320=DIRECTION('center_axis',(0.,2.22044604925031E-16,1.));
#4321=DIRECTION('ref_axis',(-8.11121844475E-17,-1.,9.9579925010296E-17));
#4322=DIRECTION('',(0.,0.70710678118655,-0.707106781186545));
#4323=DIRECTION('center_axis',(4.96668885277403E-33,-9.9579925010296E-17,
-1.));
#4324=DIRECTION('ref_axis',(-8.11121844475E-17,-1.,9.9579925010296E-17));
#4325=DIRECTION('center_axis',(-4.96668885277403E-33,9.9579925010296E-17,
1.));
#4326=DIRECTION('ref_axis',(-8.11121844475E-17,-1.,9.9579925010296E-17));
#4327=DIRECTION('center_axis',(5.73549756596811E-17,0.707106781186545,0.70710678118655));
#4328=DIRECTION('ref_axis',(-1.,8.11121844475E-17,-1.80105229502514E-32));
#4329=DIRECTION('',(0.,0.70710678118655,-0.707106781186545));
#4330=DIRECTION('',(-1.,8.11121844475E-17,-1.30438340974774E-32));
#4331=DIRECTION('',(1.,-8.11121844475E-17,1.30438340974774E-32));
#4332=DIRECTION('center_axis',(0.,2.22044604925031E-16,1.));
#4333=DIRECTION('ref_axis',(1.,-2.30155823369782E-15,2.34155685171232E-31));
#4334=DIRECTION('',(-0.707106781186553,-1.57009245868376E-16,-0.707106781186542));
#4335=DIRECTION('center_axis',(4.96668885277403E-33,-9.9579925010296E-17,
-1.));
#4336=DIRECTION('ref_axis',(1.,-2.30155823369782E-15,2.34155685171232E-31));
#4337=DIRECTION('center_axis',(-4.96668885277403E-33,9.9579925010296E-17,
1.));
#4338=DIRECTION('ref_axis',(1.,-2.30155823369782E-15,2.34155685171232E-31));
#4339=DIRECTION('center_axis',(-0.707106781186549,1.27768615904509E-16,
0.707106781186546));
#4340=DIRECTION('ref_axis',(4.13524954672348E-17,-1.,2.22044604925031E-16));
#4341=DIRECTION('',(-0.707106781186546,-1.57009245868378E-16,-0.707106781186549));
#4342=DIRECTION('',(-8.11121844475E-17,-1.,9.9579925010296E-17));
#4343=DIRECTION('',(8.11121844475E-17,1.,-9.9579925010296E-17));
#4344=DIRECTION('center_axis',(0.,2.22044604925031E-16,1.));
#4345=DIRECTION('ref_axis',(8.11121844475E-17,1.,-9.9579925010296E-17));
#4346=DIRECTION('center_axis',(4.96668885277403E-33,-9.9579925010296E-17,
-1.));
#4347=DIRECTION('ref_axis',(8.11121844475E-17,1.,-9.9579925010296E-17));
#4348=DIRECTION('center_axis',(-4.96668885277403E-33,9.9579925010296E-17,
1.));
#4349=DIRECTION('ref_axis',(8.11121844475E-17,1.,-9.9579925010296E-17));
#4350=DIRECTION('center_axis',(4.96668885277403E-33,-9.9579925010296E-17,
-1.));
#4351=DIRECTION('ref_axis',(1.,-2.30155823369782E-15,2.34155685171232E-31));
#4352=DIRECTION('',(4.96668885277403E-33,-9.9579925010296E-17,-1.));
#4353=DIRECTION('center_axis',(4.96668885277403E-33,-9.9579925010296E-17,
-1.));
#4354=DIRECTION('ref_axis',(1.,-2.30155823369782E-15,2.34155685171232E-31));
#4355=DIRECTION('',(4.96668885277403E-33,-9.9579925010296E-17,-1.));
#4356=DIRECTION('center_axis',(-1.,8.11121844475E-17,-1.30438340974774E-32));
#4357=DIRECTION('ref_axis',(8.11121844475E-17,1.,-9.9579925010296E-17));
#4358=DIRECTION('',(4.96668885277403E-33,-9.9579925010296E-17,-1.));
#4359=DIRECTION('',(-8.11121844475E-17,-1.,9.9579925010296E-17));
#4360=DIRECTION('center_axis',(4.96668885277403E-33,-9.9579925010296E-17,
-1.));
#4361=DIRECTION('ref_axis',(8.11121844475E-17,1.,-9.9579925010296E-17));
#4362=DIRECTION('',(4.96668885277403E-33,-9.9579925010296E-17,-1.));
#4363=DIRECTION('center_axis',(4.96668885277403E-33,-9.9579925010296E-17,
-1.));
#4364=DIRECTION('ref_axis',(8.11121844475E-17,1.,-9.9579925010296E-17));
#4365=DIRECTION('center_axis',(-3.90184204806695E-17,-1.,9.9579925010296E-17));
#4366=DIRECTION('ref_axis',(-1.,3.90184204806695E-17,-8.85214023825929E-33));
#4367=DIRECTION('',(4.96668885277403E-33,-9.9579925010296E-17,-1.));
#4368=DIRECTION('',(1.,-3.90184204806695E-17,8.85214023825929E-33));
#4369=DIRECTION('',(-1.,3.90184204806694E-17,-4.20937639668709E-17));
#4370=DIRECTION('',(-4.96668885277403E-33,9.9579925010296E-17,1.));
#4371=DIRECTION('',(1.,-3.90184204806695E-17,-4.20937639668458E-17));
#4372=DIRECTION('',(4.96668885277403E-33,-9.9579925010296E-17,-1.));
#4373=DIRECTION('center_axis',(4.96668885277403E-33,-9.9579925010296E-17,
-1.));
#4374=DIRECTION('ref_axis',(-1.,8.11121844475E-17,-1.30438340974774E-32));
#4375=DIRECTION('center_axis',(4.96668885277403E-33,-9.9579925010296E-17,
-1.));
#4376=DIRECTION('ref_axis',(0.707106781186548,0.707106781186548,-1.57009245868378E-16));
#4377=DIRECTION('',(1.,-4.055609222375E-17,9.00526147512571E-33));
#4378=DIRECTION('center_axis',(-4.96668885277403E-33,9.9579925010296E-17,
1.));
#4379=DIRECTION('ref_axis',(-0.707106781186548,-0.707106781186548,7.04136402448282E-17));
#4380=DIRECTION('center_axis',(4.96668885277403E-33,-9.9579925010296E-17,
-1.));
#4381=DIRECTION('ref_axis',(0.707106781186554,0.707106781186541,-7.04136402448275E-17));
#4382=DIRECTION('',(1.,-3.28416181594497E-17,8.23705472630881E-33));
#4383=DIRECTION('center_axis',(4.96668885277403E-33,-9.9579925010296E-17,
-1.));
#4384=DIRECTION('ref_axis',(-0.707106781186555,0.70710678118654,-7.04136402448274E-17));
#4385=DIRECTION('center_axis',(-4.96668885277403E-33,9.9579925010296E-17,
1.));
#4386=DIRECTION('ref_axis',(0.707106781186548,-0.707106781186548,7.04136402448282E-17));
#4387=DIRECTION('',(1.,-4.055609222375E-17,9.00526147512571E-33));
#4388=DIRECTION('center_axis',(4.96668885277403E-33,-9.9579925010296E-17,
-1.));
#4389=DIRECTION('ref_axis',(-0.707106781186548,0.707106781186548,-1.57009245868378E-16));
#4390=DIRECTION('',(8.11121844475E-17,1.,-9.9579925010296E-17));
#4391=DIRECTION('center_axis',(4.96668885277403E-33,-9.9579925010296E-17,
-1.));
#4392=DIRECTION('ref_axis',(-0.707106781186548,-0.707106781186548,1.57009245868378E-16));
#4393=DIRECTION('',(-1.,4.055609222375E-17,-9.00526147512571E-33));
#4394=DIRECTION('center_axis',(4.96668885277403E-33,-9.9579925010296E-17,
-1.));
#4395=DIRECTION('ref_axis',(0.707106781186548,-0.707106781186548,1.57009245868378E-16));
#4396=DIRECTION('',(-8.11121844475E-17,-1.,9.9579925010296E-17));
#4397=DIRECTION('center_axis',(4.96668885277403E-33,-9.9579925010296E-17,
-1.));
#4398=DIRECTION('ref_axis',(0.707106781186548,0.707106781186548,-1.57009245868378E-16));
#4399=DIRECTION('center_axis',(-4.96668885277403E-33,9.9579925010296E-17,
1.));
#4400=DIRECTION('ref_axis',(0.707106781186548,0.707106781186548,-1.57009245868378E-16));
#4401=DIRECTION('',(-4.96668885277403E-33,9.9579925010296E-17,1.));
#4402=DIRECTION('',(4.96668885277403E-33,-9.9579925010296E-17,-1.));
#4403=DIRECTION('center_axis',(1.,-8.11121844475E-17,1.30438340974774E-32));
#4404=DIRECTION('ref_axis',(-8.11121844475E-17,-1.,9.9579925010296E-17));
#4405=DIRECTION('',(-4.96668885277403E-33,9.9579925010296E-17,1.));
#4406=DIRECTION('',(-8.11121844475E-17,-1.,9.9579925010296E-17));
#4407=DIRECTION('center_axis',(4.96668885277403E-33,-9.9579925010296E-17,
-1.));
#4408=DIRECTION('ref_axis',(0.707106781186548,-0.707106781186548,1.57009245868378E-16));
#4409=DIRECTION('center_axis',(-4.96668885277403E-33,9.9579925010296E-17,
1.));
#4410=DIRECTION('ref_axis',(0.707106781186548,-0.707106781186548,1.57009245868378E-16));
#4411=DIRECTION('',(4.96668885277403E-33,-9.9579925010296E-17,-1.));
#4412=DIRECTION('center_axis',(-4.055609222375E-17,-1.,9.9579925010296E-17));
#4413=DIRECTION('ref_axis',(-1.,4.055609222375E-17,-9.00526147512571E-33));
#4414=DIRECTION('',(-4.96668885277403E-33,9.9579925010296E-17,1.));
#4415=DIRECTION('',(-1.,4.055609222375E-17,-9.00526147512571E-33));
#4416=DIRECTION('',(1.,-4.055609222375E-17,7.95309954233641E-17));
#4417=DIRECTION('',(0.,-9.9579925010296E-17,-1.));
#4418=DIRECTION('',(-1.,4.055609222375E-17,-4.04230397243806E-17));
#4419=DIRECTION('',(0.,9.9579925010296E-17,1.));
#4420=DIRECTION('',(1.,-4.055609222375E-17,7.95309954233641E-17));
#4421=DIRECTION('',(0.,-9.9579925010296E-17,-1.));
#4422=DIRECTION('',(-1.,4.055609222375E-17,-4.04230397243806E-17));
#4423=DIRECTION('',(0.,9.9579925010296E-17,1.));
#4424=DIRECTION('',(1.,-4.055609222375E-17,7.95309954233641E-17));
#4425=DIRECTION('',(0.,-9.9579925010296E-17,-1.));
#4426=DIRECTION('',(-1.,4.055609222375E-17,-4.04230397243806E-17));
#4427=DIRECTION('',(0.,9.9579925010296E-17,1.));
#4428=DIRECTION('',(1.,-4.055609222375E-17,7.95309954233641E-17));
#4429=DIRECTION('',(0.,-9.9579925010296E-17,-1.));
#4430=DIRECTION('',(-1.,4.055609222375E-17,-4.04230397243806E-17));
#4431=DIRECTION('',(0.,9.9579925010296E-17,1.));
#4432=DIRECTION('',(1.,-4.055609222375E-17,7.95309954233641E-17));
#4433=DIRECTION('',(0.,-9.9579925010296E-17,-1.));
#4434=DIRECTION('',(-1.,4.055609222375E-17,-4.04230397243806E-17));
#4435=DIRECTION('',(0.,9.9579925010296E-17,1.));
#4436=DIRECTION('',(1.,-4.055609222375E-17,7.95309954233641E-17));
#4437=DIRECTION('',(0.,-9.9579925010296E-17,-1.));
#4438=DIRECTION('',(-1.,4.055609222375E-17,-4.04230397243806E-17));
#4439=DIRECTION('',(0.,9.9579925010296E-17,1.));
#4440=DIRECTION('center_axis',(4.96668885277403E-33,-9.9579925010296E-17,
-1.));
#4441=DIRECTION('ref_axis',(-0.707106781186548,0.707106781186548,-1.57009245868378E-16));
#4442=DIRECTION('center_axis',(-4.96668885277403E-33,9.9579925010296E-17,
1.));
#4443=DIRECTION('ref_axis',(-0.707106781186548,0.707106781186548,-1.57009245868378E-16));
#4444=DIRECTION('',(-4.96668885277403E-33,9.9579925010296E-17,1.));
#4445=DIRECTION('',(4.96668885277403E-33,-9.9579925010296E-17,-1.));
#4446=DIRECTION('center_axis',(-1.,8.11121844475E-17,-1.30438340974774E-32));
#4447=DIRECTION('ref_axis',(8.11121844475E-17,1.,-9.9579925010296E-17));
#4448=DIRECTION('',(8.11121844475E-17,1.,-9.9579925010296E-17));
#4449=DIRECTION('',(4.96668885277403E-33,-9.9579925010296E-17,-1.));
#4450=DIRECTION('center_axis',(4.96668885277403E-33,-9.9579925010296E-17,
-1.));
#4451=DIRECTION('ref_axis',(-0.707106781186548,-0.707106781186548,1.57009245868378E-16));
#4452=DIRECTION('center_axis',(-4.96668885277403E-33,9.9579925010296E-17,
1.));
#4453=DIRECTION('ref_axis',(-0.707106781186548,-0.707106781186548,1.57009245868378E-16));
#4454=DIRECTION('center_axis',(1.,0.,0.));
#4455=DIRECTION('ref_axis',(0.,0.,-1.));
#4456=DIRECTION('center_axis',(-1.,0.,0.));
#4457=DIRECTION('ref_axis',(0.,-1.,2.22044604925031E-16));
#4458=DIRECTION('center_axis',(0.,-1.,2.77555756156289E-16));
#4459=DIRECTION('ref_axis',(0.,2.77555756156289E-16,1.));
#4460=DIRECTION('center_axis',(1.,0.,0.));
#4461=DIRECTION('ref_axis',(0.,0.,-1.));
#4462=DIRECTION('center_axis',(-1.,0.,0.));
#4463=DIRECTION('ref_axis',(0.,-1.,2.22044604925031E-16));
#4464=DIRECTION('center_axis',(0.,-1.,2.77555756156289E-16));
#4465=DIRECTION('ref_axis',(0.,2.77555756156289E-16,1.));
#4466=DIRECTION('center_axis',(1.,0.,0.));
#4467=DIRECTION('ref_axis',(0.,0.,-1.));
#4468=DIRECTION('center_axis',(1.,0.,0.));
#4469=DIRECTION('ref_axis',(0.,1.,-2.22044604925031E-16));
#4470=DIRECTION('center_axis',(0.,-1.,0.));
#4471=DIRECTION('ref_axis',(0.,0.,1.));
#4472=DIRECTION('center_axis',(1.,0.,0.));
#4473=DIRECTION('ref_axis',(0.,0.,-1.));
#4474=DIRECTION('center_axis',(1.,0.,0.));
#4475=DIRECTION('ref_axis',(0.,1.,-2.22044604925031E-16));
#4476=DIRECTION('center_axis',(0.,-1.,0.));
#4477=DIRECTION('ref_axis',(0.,0.,1.));
#4478=DIRECTION('center_axis',(-1.,0.,0.));
#4479=DIRECTION('ref_axis',(0.,-1.,2.22044604925031E-16));
#4480=DIRECTION('center_axis',(1.,0.,0.));
#4481=DIRECTION('ref_axis',(0.,-1.,2.22044604925031E-16));
#4482=DIRECTION('',(1.,0.,0.));
#4483=DIRECTION('center_axis',(-1.,0.,0.));
#4484=DIRECTION('ref_axis',(0.,-1.,2.22044604925031E-16));
#4485=DIRECTION('',(1.,0.,0.));
#4486=DIRECTION('center_axis',(0.,0.705944018806009,0.708267634663635));
#4487=DIRECTION('ref_axis',(0.,-0.708267634663635,0.705944018806009));
#4488=DIRECTION('',(0.,0.708267634663635,-0.705944018806009));
#4489=DIRECTION('',(0.,-0.708267634663635,0.705944018806009));
#4490=DIRECTION('center_axis',(0.,-0.890856833083387,-0.454284165417019));
#4491=DIRECTION('ref_axis',(0.,0.454284165417019,-0.890856833083387));
#4492=DIRECTION('',(0.,-0.454284165417019,0.890856833083387));
#4493=DIRECTION('',(0.,0.454284165417019,-0.890856833083387));
#4494=DIRECTION('center_axis',(-1.,0.,0.));
#4495=DIRECTION('ref_axis',(0.,-1.,2.22044604925031E-16));
#4496=DIRECTION('center_axis',(-1.,0.,0.));
#4497=DIRECTION('ref_axis',(0.,-1.,2.22044604925031E-16));
#4498=DIRECTION('center_axis',(-1.,0.,0.));
#4499=DIRECTION('ref_axis',(0.,-1.,2.22044604925031E-16));
#4500=DIRECTION('center_axis',(1.,0.,0.));
#4501=DIRECTION('ref_axis',(0.,-1.,2.22044604925031E-16));
#4502=DIRECTION('',(1.,0.,0.));
#4503=DIRECTION('center_axis',(-1.,0.,0.));
#4504=DIRECTION('ref_axis',(0.,-1.,2.22044604925031E-16));
#4505=DIRECTION('',(1.,0.,0.));
#4506=DIRECTION('center_axis',(0.,0.705944018806009,0.708267634663635));
#4507=DIRECTION('ref_axis',(0.,-0.708267634663635,0.705944018806009));
#4508=DIRECTION('',(0.,0.708267634663635,-0.705944018806009));
#4509=DIRECTION('',(0.,-0.708267634663635,0.705944018806009));
#4510=DIRECTION('center_axis',(0.,-0.890856833083387,-0.454284165417019));
#4511=DIRECTION('ref_axis',(0.,0.454284165417019,-0.890856833083387));
#4512=DIRECTION('',(0.,-0.454284165417019,0.890856833083387));
#4513=DIRECTION('',(0.,0.454284165417019,-0.890856833083387));
#4514=DIRECTION('center_axis',(-1.,0.,0.));
#4515=DIRECTION('ref_axis',(0.,-1.,2.22044604925031E-16));
#4516=DIRECTION('center_axis',(-1.,0.,0.));
#4517=DIRECTION('ref_axis',(0.,-1.,2.22044604925031E-16));
#4518=DIRECTION('center_axis',(-1.,0.,0.));
#4519=DIRECTION('ref_axis',(0.,-1.,2.22044604925031E-16));
#4520=DIRECTION('center_axis',(1.,0.,0.));
#4521=DIRECTION('ref_axis',(0.,-1.,2.22044604925031E-16));
#4522=DIRECTION('',(-1.,0.,0.));
#4523=DIRECTION('center_axis',(-1.,0.,0.));
#4524=DIRECTION('ref_axis',(0.,-1.,2.22044604925031E-16));
#4525=DIRECTION('',(-1.,0.,0.));
#4526=DIRECTION('center_axis',(0.,-0.705944018806009,-0.708267634663635));
#4527=DIRECTION('ref_axis',(0.,-0.708267634663635,0.705944018806009));
#4528=DIRECTION('',(0.,0.708267634663635,-0.705944018806009));
#4529=DIRECTION('',(0.,-0.708267634663635,0.705944018806009));
#4530=DIRECTION('center_axis',(0.,0.890856833083387,0.454284165417019));
#4531=DIRECTION('ref_axis',(0.,0.454284165417019,-0.890856833083387));
#4532=DIRECTION('',(0.,-0.454284165417019,0.890856833083387));
#4533=DIRECTION('',(0.,0.454284165417019,-0.890856833083387));
#4534=DIRECTION('center_axis',(-1.,0.,0.));
#4535=DIRECTION('ref_axis',(0.,-1.,2.22044604925031E-16));
#4536=DIRECTION('center_axis',(-1.,0.,0.));
#4537=DIRECTION('ref_axis',(0.,-1.,2.22044604925031E-16));
#4538=DIRECTION('center_axis',(-1.,0.,0.));
#4539=DIRECTION('ref_axis',(0.,-1.,2.22044604925031E-16));
#4540=DIRECTION('center_axis',(1.,0.,0.));
#4541=DIRECTION('ref_axis',(0.,-1.,2.22044604925031E-16));
#4542=DIRECTION('',(-1.,0.,0.));
#4543=DIRECTION('center_axis',(-1.,0.,0.));
#4544=DIRECTION('ref_axis',(0.,-1.,2.22044604925031E-16));
#4545=DIRECTION('',(-1.,0.,0.));
#4546=DIRECTION('center_axis',(0.,-0.705944018806009,-0.708267634663635));
#4547=DIRECTION('ref_axis',(0.,-0.708267634663635,0.705944018806009));
#4548=DIRECTION('',(0.,0.708267634663635,-0.705944018806009));
#4549=DIRECTION('',(0.,-0.708267634663635,0.705944018806009));
#4550=DIRECTION('center_axis',(0.,0.890856833083387,0.454284165417019));
#4551=DIRECTION('ref_axis',(0.,0.454284165417019,-0.890856833083387));
#4552=DIRECTION('',(0.,-0.454284165417019,0.890856833083387));
#4553=DIRECTION('',(0.,0.454284165417019,-0.890856833083387));
#4554=DIRECTION('center_axis',(-1.,0.,0.));
#4555=DIRECTION('ref_axis',(0.,-1.,2.22044604925031E-16));
#4556=DIRECTION('center_axis',(-1.,0.,0.));
#4557=DIRECTION('ref_axis',(0.,-1.,2.22044604925031E-16));
#4558=DIRECTION('center_axis',(1.,0.,0.));
#4559=DIRECTION('ref_axis',(0.,0.,-1.));
#4560=DIRECTION('center_axis',(-1.,0.,0.));
#4561=DIRECTION('ref_axis',(0.,-1.,2.22044604925031E-16));
#4562=DIRECTION('center_axis',(0.,-1.,2.77555756156289E-16));
#4563=DIRECTION('ref_axis',(0.,2.77555756156289E-16,1.));
#4564=DIRECTION('center_axis',(1.,0.,0.));
#4565=DIRECTION('ref_axis',(0.,0.,-1.));
#4566=DIRECTION('center_axis',(1.,0.,0.));
#4567=DIRECTION('ref_axis',(0.,1.,-2.22044604925031E-16));
#4568=DIRECTION('center_axis',(0.,-1.,0.));
#4569=DIRECTION('ref_axis',(0.,0.,1.));
#4570=DIRECTION('center_axis',(-1.,0.,0.));
#4571=DIRECTION('ref_axis',(0.,-1.,2.22044604925031E-16));
#4572=DIRECTION('center_axis',(1.,0.,0.));
#4573=DIRECTION('ref_axis',(0.,-1.,2.22044604925031E-16));
#4574=DIRECTION('',(1.,0.,0.));
#4575=DIRECTION('center_axis',(-1.,0.,0.));
#4576=DIRECTION('ref_axis',(0.,-1.,2.22044604925031E-16));
#4577=DIRECTION('',(1.,0.,0.));
#4578=DIRECTION('center_axis',(0.,0.705944018806009,0.708267634663635));
#4579=DIRECTION('ref_axis',(0.,-0.708267634663635,0.705944018806009));
#4580=DIRECTION('',(0.,0.708267634663635,-0.705944018806009));
#4581=DIRECTION('',(0.,-0.708267634663635,0.705944018806009));
#4582=DIRECTION('center_axis',(0.,-0.890856833083387,-0.454284165417019));
#4583=DIRECTION('ref_axis',(0.,0.454284165417019,-0.890856833083387));
#4584=DIRECTION('',(0.,-0.454284165417019,0.890856833083387));
#4585=DIRECTION('',(0.,0.454284165417019,-0.890856833083387));
#4586=DIRECTION('center_axis',(-1.,0.,0.));
#4587=DIRECTION('ref_axis',(0.,-1.,2.22044604925031E-16));
#4588=DIRECTION('center_axis',(-1.,0.,0.));
#4589=DIRECTION('ref_axis',(0.,-1.,2.22044604925031E-16));
#4590=DIRECTION('center_axis',(-1.,0.,0.));
#4591=DIRECTION('ref_axis',(0.,-1.,2.22044604925031E-16));
#4592=DIRECTION('center_axis',(1.,0.,0.));
#4593=DIRECTION('ref_axis',(0.,-1.,2.22044604925031E-16));
#4594=DIRECTION('',(-1.,0.,0.));
#4595=DIRECTION('center_axis',(-1.,0.,0.));
#4596=DIRECTION('ref_axis',(0.,-1.,2.22044604925031E-16));
#4597=DIRECTION('',(-1.,0.,0.));
#4598=DIRECTION('center_axis',(0.,-0.705944018806009,-0.708267634663635));
#4599=DIRECTION('ref_axis',(0.,-0.708267634663635,0.705944018806009));
#4600=DIRECTION('',(0.,0.708267634663635,-0.705944018806009));
#4601=DIRECTION('',(0.,-0.708267634663635,0.705944018806009));
#4602=DIRECTION('center_axis',(0.,0.890856833083387,0.454284165417019));
#4603=DIRECTION('ref_axis',(0.,0.454284165417019,-0.890856833083387));
#4604=DIRECTION('',(0.,-0.454284165417019,0.890856833083387));
#4605=DIRECTION('',(0.,0.454284165417019,-0.890856833083387));
#4606=DIRECTION('center_axis',(-1.,0.,0.));
#4607=DIRECTION('ref_axis',(0.,-1.,2.22044604925031E-16));
#4608=DIRECTION('center_axis',(-1.,0.,0.));
#4609=DIRECTION('ref_axis',(0.,-1.,2.22044604925031E-16));
#4610=DIRECTION('center_axis',(4.96668885277403E-33,-9.9579925010296E-17,
-1.));
#4611=DIRECTION('ref_axis',(0.707106781186554,0.707106781186541,-7.04136402448275E-17));
#4612=DIRECTION('center_axis',(-5.73549756596812E-17,-0.707106781186547,
0.707106781186548));
#4613=DIRECTION('ref_axis',(8.28958632581332E-18,0.707106781186548,0.707106781186547));
#4614=DIRECTION('',(-4.96668885277403E-33,9.9579925010296E-17,1.));
#4615=DIRECTION('',(-4.96668885277403E-33,9.9579925010296E-17,1.));
#4616=DIRECTION('center_axis',(5.73549756596812E-17,0.707106781186547,-0.707106781186548));
#4617=DIRECTION('ref_axis',(1.,-8.11121844475E-17,1.30438340974774E-32));
#4618=DIRECTION('center_axis',(5.73549756596812E-17,0.707106781186547,-0.707106781186548));
#4619=DIRECTION('ref_axis',(-1.06420364993549E-16,-0.707106781186548,-0.707106781186547));
#4620=DIRECTION('',(1.,-4.055609222375E-17,9.00526147512571E-33));
#4621=DIRECTION('center_axis',(5.73549756596812E-17,0.707106781186547,-0.707106781186548));
#4622=DIRECTION('ref_axis',(-8.28958632581332E-18,-0.707106781186548,-0.707106781186547));
#4623=DIRECTION('center_axis',(-5.73549756596812E-17,-0.707106781186547,
0.707106781186548));
#4624=DIRECTION('ref_axis',(5.73549756596813E-17,0.707106781186548,0.707106781186547));
#4625=DIRECTION('',(1.,-8.11121844475E-17,1.30438340974774E-32));
#4626=DIRECTION('center_axis',(-4.96668885277403E-33,9.9579925010296E-17,
1.));
#4627=DIRECTION('ref_axis',(-0.707106781186548,-0.707106781186548,7.04136402448282E-17));
#4628=DIRECTION('',(4.96668885277403E-33,-9.9579925010296E-17,-1.));
#4629=DIRECTION('center_axis',(-4.96668885277403E-33,9.9579925010296E-17,
1.));
#4630=DIRECTION('ref_axis',(-0.707106781186555,0.70710678118654,-7.04136402448274E-17));
#4631=DIRECTION('',(4.96668885277403E-33,-9.9579925010296E-17,-1.));
#4632=DIRECTION('',(4.96668885277403E-33,-9.9579925010296E-17,-1.));
#4633=DIRECTION('center_axis',(4.96668885277403E-33,-9.9579925010296E-17,
-1.));
#4634=DIRECTION('ref_axis',(0.707106781186548,-0.707106781186548,7.04136402448282E-17));
#4635=DIRECTION('',(-4.96668885277403E-33,9.9579925010296E-17,1.));
#4636=DIRECTION('center_axis',(4.055609222375E-17,1.,-9.9579925010296E-17));
#4637=DIRECTION('ref_axis',(1.,-4.055609222375E-17,9.00526147512571E-33));
#4638=DIRECTION('',(1.,-4.055609222375E-17,9.00526147512571E-33));
#4639=DIRECTION('center_axis',(8.11121844475E-17,1.,-9.9579925010296E-17));
#4640=DIRECTION('ref_axis',(1.,-8.11121844475E-17,1.30438340974774E-32));
#4641=DIRECTION('center_axis',(5.73549756596917E-17,0.707106781186676,0.707106781186419));
#4642=DIRECTION('ref_axis',(-5.73549756596709E-17,-0.707106781186419,0.707106781186676));
#4643=DIRECTION('',(5.73549756596709E-17,0.707106781186419,-0.707106781186676));
#4644=DIRECTION('',(1.,-8.11121844475E-17,1.30438340974774E-32));
#4645=DIRECTION('',(-5.73549756596709E-17,-0.707106781186419,0.707106781186676));
#4646=DIRECTION('center_axis',(1.,-8.11121844475E-17,1.30438340974774E-32));
#4647=DIRECTION('ref_axis',(-8.11121844475E-17,-1.,9.9579925010296E-17));
#4648=DIRECTION('',(-1.72851353434185E-29,-2.13262400653409E-13,-1.));
#4649=DIRECTION('',(-5.73549756596538E-17,-0.707106781186209,-0.707106781186886));
#4650=DIRECTION('center_axis',(8.11121844475E-17,1.,-2.13262400653409E-13));
#4651=DIRECTION('ref_axis',(1.72851353434185E-29,2.13262400653409E-13,1.));
#4652=DIRECTION('',(1.72851353434185E-29,2.13262400653409E-13,1.));
#4653=DIRECTION('',(1.,-8.11121844475E-17,1.30438340974774E-32));
#4654=DIRECTION('center_axis',(5.73549756597088E-17,0.707106781186886,-0.707106781186209));
#4655=DIRECTION('ref_axis',(5.73549756596538E-17,0.707106781186209,0.707106781186886));
#4656=DIRECTION('',(5.73549756596538E-17,0.707106781186209,0.707106781186886));
#4657=DIRECTION('center_axis',(-1.,8.11121844475E-17,-1.30438340974774E-32));
#4658=DIRECTION('ref_axis',(8.11121844475E-17,1.,-9.9579925010296E-17));
#4659=DIRECTION('center_axis',(4.96668885277403E-33,-9.9579925010296E-17,
-1.));
#4660=DIRECTION('ref_axis',(8.11121844475E-17,1.,-9.9579925010296E-17));
#4661=DIRECTION('center_axis',(4.96668885277403E-33,-9.9579925010296E-17,
-1.));
#4662=DIRECTION('ref_axis',(-1.,8.11121844475E-17,-1.30438340974774E-32));
#4663=DIRECTION('',(8.11121844475E-17,1.,-9.9579925010296E-17));
#4664=DIRECTION('center_axis',(4.96668885277403E-33,-9.9579925010296E-17,
-1.));
#4665=DIRECTION('ref_axis',(-8.11121844475E-17,-1.,9.9579925010296E-17));
#4666=DIRECTION('',(-1.,8.11121844475E-17,-1.30438340974774E-32));
#4667=DIRECTION('center_axis',(8.11121844475E-17,1.,-9.9579925010296E-17));
#4668=DIRECTION('ref_axis',(1.,-8.11121844475E-17,1.30438340974774E-32));
#4669=DIRECTION('',(4.96668885277403E-33,-9.9579925010296E-17,-1.));
#4670=DIRECTION('center_axis',(4.96668885277403E-33,-9.9579925010296E-17,
-1.));
#4671=DIRECTION('ref_axis',(-8.11121844475E-17,-1.,9.9579925010296E-17));
#4672=DIRECTION('',(4.96668885277403E-33,-9.9579925010296E-17,-1.));
#4673=DIRECTION('center_axis',(1.,-8.11121844475E-17,1.30438340974774E-32));
#4674=DIRECTION('ref_axis',(-8.11121844475E-17,-1.,9.9579925010296E-17));
#4675=DIRECTION('',(4.96668885277403E-33,-9.9579925010296E-17,-1.));
#4676=DIRECTION('center_axis',(4.96668885277403E-33,-9.9579925010296E-17,
-1.));
#4677=DIRECTION('ref_axis',(-1.,8.11121844475E-17,-1.30438340974774E-32));
#4678=DIRECTION('center_axis',(4.96668885277403E-33,-9.9579925010296E-17,
-1.));
#4679=DIRECTION('ref_axis',(8.11121844475E-17,1.,-9.9579925010296E-17));
#4680=CARTESIAN_POINT('',(0.,0.,0.));
#4681=CARTESIAN_POINT('Origin',(-53.75,-91.5,20.5));
#4682=CARTESIAN_POINT('',(105.5,-92.,20.));
#4683=CARTESIAN_POINT('',(105.5,-91.,21.));
#4684=CARTESIAN_POINT('',(105.5,-92.,20.));
#4685=CARTESIAN_POINT('',(-105.5,-91.,21.));
#4686=CARTESIAN_POINT('',(-53.75,-91.,21.));
#4687=CARTESIAN_POINT('',(-105.5,-92.,20.));
#4688=CARTESIAN_POINT('',(-105.5,-91.,21.));
#4689=CARTESIAN_POINT('',(-53.75,-92.,20.));
#4690=CARTESIAN_POINT('Origin',(105.5,-90.,20.5));
#4691=CARTESIAN_POINT('',(107.5,-90.,20.));
#4692=CARTESIAN_POINT('Origin',(105.5,-90.,20.));
#4693=CARTESIAN_POINT('',(106.5,-90.,21.));
#4694=CARTESIAN_POINT('',(107.5,-90.,20.));
#4695=CARTESIAN_POINT('Origin',(105.5,-90.,21.));
#4696=CARTESIAN_POINT('Origin',(107.,-69.5,20.5));
#4697=CARTESIAN_POINT('',(107.5,-3.99999999999999,20.));
#4698=CARTESIAN_POINT('',(106.5,-3.99999999999999,21.));
#4699=CARTESIAN_POINT('',(107.5,-3.99999999999999,20.));
#4700=CARTESIAN_POINT('',(106.5,-69.5,21.));
#4701=CARTESIAN_POINT('',(107.5,-69.5,20.));
#4702=CARTESIAN_POINT('Origin',(105.5,-3.99999999999999,20.5));
#4703=CARTESIAN_POINT('',(105.5,-1.99999999999999,20.));
#4704=CARTESIAN_POINT('Origin',(105.5,-3.99999999999999,20.));
#4705=CARTESIAN_POINT('',(105.5,-3.00000000000001,21.));
#4706=CARTESIAN_POINT('',(105.5,-1.99999999999999,20.));
#4707=CARTESIAN_POINT('Origin',(105.5,-3.99999999999999,21.));
#4708=CARTESIAN_POINT('Origin',(53.75,-2.5,20.5));
#4709=CARTESIAN_POINT('',(-105.5,-1.99999999999999,20.));
#4710=CARTESIAN_POINT('',(-105.5,-3.00000000000001,21.));
#4711=CARTESIAN_POINT('',(-105.5,-1.99999999999999,20.));
#4712=CARTESIAN_POINT('',(53.75,-3.00000000000001,21.));
#4713=CARTESIAN_POINT('',(53.75,-1.99999999999999,20.));
#4714=CARTESIAN_POINT('Origin',(-105.5,-3.99999999999999,20.5));
#4715=CARTESIAN_POINT('',(-107.5,-3.99999999999999,20.));
#4716=CARTESIAN_POINT('Origin',(-105.5,-3.99999999999999,20.));
#4717=CARTESIAN_POINT('',(-106.5,-3.99999999999999,21.));
#4718=CARTESIAN_POINT('',(-107.5,-3.99999999999999,20.));
#4719=CARTESIAN_POINT('Origin',(-105.5,-3.99999999999999,21.));
#4720=CARTESIAN_POINT('Origin',(-107.,-24.5,20.5));
#4721=CARTESIAN_POINT('',(-107.5,-90.,20.));
#4722=CARTESIAN_POINT('',(-106.5,-90.,21.));
#4723=CARTESIAN_POINT('',(-107.5,-90.,20.));
#4724=CARTESIAN_POINT('',(-106.5,-24.5,21.));
#4725=CARTESIAN_POINT('',(-107.5,-24.5,20.));
#4726=CARTESIAN_POINT('Origin',(-105.5,-90.,20.5));
#4727=CARTESIAN_POINT('Origin',(-105.5,-90.,20.));
#4728=CARTESIAN_POINT('Origin',(-105.5,-90.,21.));
#4729=CARTESIAN_POINT('Origin',(105.5,-3.99999999999999,0.));
#4730=CARTESIAN_POINT('',(107.5,-3.99999999999999,11.5));
#4731=CARTESIAN_POINT('',(107.5,-3.99999999999999,0.));
#4732=CARTESIAN_POINT('',(105.5,-1.99999999999999,11.5));
#4733=CARTESIAN_POINT('Origin',(105.5,-3.99999999999999,11.5));
#4734=CARTESIAN_POINT('',(105.5,-1.99999999999999,0.));
#4735=CARTESIAN_POINT('Origin',(107.5,-92.,2.22044604925031E-14));
#4736=CARTESIAN_POINT('',(107.5,-90.,11.5));
#4737=CARTESIAN_POINT('',(107.5,-90.,2.22044604925031E-14));
#4738=CARTESIAN_POINT('',(107.5,-69.5,11.5));
#4739=CARTESIAN_POINT('Origin',(105.5,-90.,2.22044604925031E-14));
#4740=CARTESIAN_POINT('',(105.5,-92.,11.5));
#4741=CARTESIAN_POINT('',(105.5,-92.,2.22044604925031E-14));
#4742=CARTESIAN_POINT('Origin',(105.5,-90.,11.5));
#4743=CARTESIAN_POINT('Origin',(-107.5,-92.,2.22044604925031E-14));
#4744=CARTESIAN_POINT('',(-105.5,-92.,11.5));
#4745=CARTESIAN_POINT('',(-105.5,-92.,2.22044604925031E-14));
#4746=CARTESIAN_POINT('',(-53.75,-92.,11.5));
#4747=CARTESIAN_POINT('',(-35.8333333333333,-92.,17.1));
#4748=CARTESIAN_POINT('',(35.8333333333333,-92.,17.1));
#4749=CARTESIAN_POINT('',(-71.6666666666667,-92.,17.1));
#4750=CARTESIAN_POINT('',(35.8333333333333,-92.,15.4));
#4751=CARTESIAN_POINT('',(35.8333333333333,-92.,8.12500000000002));
#4752=CARTESIAN_POINT('',(-35.8333333333333,-92.,15.4));
#4753=CARTESIAN_POINT('',(-71.6666666666667,-92.,15.4));
#4754=CARTESIAN_POINT('',(-35.8333333333333,-92.,8.12500000000002));
#4755=CARTESIAN_POINT('Origin',(0.,-47.,21.));
#4756=CARTESIAN_POINT('',(-12.,-31.5,21.));
#4757=CARTESIAN_POINT('',(-105.5,-31.5,21.));
#4758=CARTESIAN_POINT('',(-52.75,-31.5,21.));
#4759=CARTESIAN_POINT('',(-12.,-90.,21.));
#4760=CARTESIAN_POINT('',(-12.,-45.75,21.));
#4761=CARTESIAN_POINT('',(-105.5,-90.,21.));
#4762=CARTESIAN_POINT('',(-53.75,-90.,21.));
#4763=CARTESIAN_POINT('',(-105.5,-24.5,21.));
#4764=CARTESIAN_POINT('',(20.,-55.,21.));
#4765=CARTESIAN_POINT('',(20.,-31.5,21.));
#4766=CARTESIAN_POINT('',(20.,-45.75,21.));
#4767=CARTESIAN_POINT('',(-10.5,-55.,21.));
#4768=CARTESIAN_POINT('',(10.,-55.,21.));
#4769=CARTESIAN_POINT('',(-10.5,-31.5,21.));
#4770=CARTESIAN_POINT('',(-10.5,-57.5,21.));
#4771=CARTESIAN_POINT('',(-5.24999999999999,-31.5,21.));
#4772=CARTESIAN_POINT('',(71.,-55.,21.));
#4773=CARTESIAN_POINT('',(71.,-31.5,21.));
#4774=CARTESIAN_POINT('',(71.,-45.75,21.));
#4775=CARTESIAN_POINT('',(21.5,-55.,21.));
#4776=CARTESIAN_POINT('',(35.5,-55.,21.));
#4777=CARTESIAN_POINT('',(21.5,-31.5,21.));
#4778=CARTESIAN_POINT('',(21.5,-57.5,21.));
#4779=CARTESIAN_POINT('',(10.75,-31.5,21.));
#4780=CARTESIAN_POINT('',(20.,-90.,21.));
#4781=CARTESIAN_POINT('',(-10.5,-90.,21.));
#4782=CARTESIAN_POINT('',(-53.75,-90.,21.));
#4783=CARTESIAN_POINT('',(-10.5,-56.5,21.));
#4784=CARTESIAN_POINT('',(-10.5,-75.,21.));
#4785=CARTESIAN_POINT('',(20.,-56.5,21.));
#4786=CARTESIAN_POINT('',(-5.24999999999999,-56.5,21.));
#4787=CARTESIAN_POINT('',(20.,-58.25,21.));
#4788=CARTESIAN_POINT('',(-105.5,-30.,21.));
#4789=CARTESIAN_POINT('',(105.5,-30.,21.));
#4790=CARTESIAN_POINT('',(52.75,-30.,21.));
#4791=CARTESIAN_POINT('',(-105.5,-3.99999999999999,21.));
#4792=CARTESIAN_POINT('',(-105.5,-24.5,21.));
#4793=CARTESIAN_POINT('',(105.5,-3.99999999999999,21.));
#4794=CARTESIAN_POINT('',(53.75,-3.99999999999999,21.));
#4795=CARTESIAN_POINT('',(105.5,-69.5,21.));
#4796=CARTESIAN_POINT('',(72.5,-55.,21.));
#4797=CARTESIAN_POINT('',(105.5,-55.,21.));
#4798=CARTESIAN_POINT('',(52.75,-55.,21.));
#4799=CARTESIAN_POINT('',(72.5,-31.5,21.));
#4800=CARTESIAN_POINT('',(72.5,-57.5,21.));
#4801=CARTESIAN_POINT('',(105.5,-31.5,21.));
#4802=CARTESIAN_POINT('',(36.25,-31.5,21.));
#4803=CARTESIAN_POINT('',(105.5,-69.5,21.));
#4804=CARTESIAN_POINT('',(38.,-90.,21.));
#4805=CARTESIAN_POINT('',(21.5,-90.,21.));
#4806=CARTESIAN_POINT('',(-53.75,-90.,21.));
#4807=CARTESIAN_POINT('',(21.5,-56.5,21.));
#4808=CARTESIAN_POINT('',(21.5,-75.,21.));
#4809=CARTESIAN_POINT('',(38.,-56.5,21.));
#4810=CARTESIAN_POINT('',(10.75,-56.5,21.));
#4811=CARTESIAN_POINT('',(38.,-58.25,21.));
#4812=CARTESIAN_POINT('',(72.5,-56.5,21.));
#4813=CARTESIAN_POINT('',(72.5,-90.,21.));
#4814=CARTESIAN_POINT('',(72.5,-75.,21.));
#4815=CARTESIAN_POINT('',(105.5,-56.5,21.));
#4816=CARTESIAN_POINT('',(36.25,-56.5,21.));
#4817=CARTESIAN_POINT('',(105.5,-90.,21.));
#4818=CARTESIAN_POINT('',(105.5,-69.5,21.));
#4819=CARTESIAN_POINT('',(-53.75,-90.,21.));
#4820=CARTESIAN_POINT('',(53.,-90.,21.));
#4821=CARTESIAN_POINT('',(39.5,-90.,21.));
#4822=CARTESIAN_POINT('',(-53.75,-90.,21.));
#4823=CARTESIAN_POINT('',(39.5,-56.5,21.));
#4824=CARTESIAN_POINT('',(39.5,-75.,21.));
#4825=CARTESIAN_POINT('',(53.,-56.5,21.));
#4826=CARTESIAN_POINT('',(19.75,-56.5,21.));
#4827=CARTESIAN_POINT('',(53.,-58.25,21.));
#4828=CARTESIAN_POINT('',(71.,-90.,21.));
#4829=CARTESIAN_POINT('',(54.5,-90.,21.));
#4830=CARTESIAN_POINT('',(-53.75,-90.,21.));
#4831=CARTESIAN_POINT('',(54.5,-56.5,21.));
#4832=CARTESIAN_POINT('',(54.5,-75.,21.));
#4833=CARTESIAN_POINT('',(71.,-56.5,21.));
#4834=CARTESIAN_POINT('',(27.25,-56.5,21.));
#4835=CARTESIAN_POINT('',(71.,-58.25,21.));
#4836=CARTESIAN_POINT('Origin',(107.5,-92.,2.22044604925031E-14));
#4837=CARTESIAN_POINT('',(109.5,-92.,11.5));
#4838=CARTESIAN_POINT('',(107.5,-94.,11.5));
#4839=CARTESIAN_POINT('Origin',(107.5,-92.,11.5));
#4840=CARTESIAN_POINT('',(107.5,-94.,2.22044604925031E-14));
#4841=CARTESIAN_POINT('',(107.5,-94.,2.22044604925031E-14));
#4842=CARTESIAN_POINT('',(109.5,-92.,2.22044604925031E-14));
#4843=CARTESIAN_POINT('Origin',(107.5,-92.,2.22044604925031E-14));
#4844=CARTESIAN_POINT('',(109.5,-92.,2.22044604925031E-14));
#4845=CARTESIAN_POINT('Origin',(-109.5,-94.,2.22044604925031E-14));
#4846=CARTESIAN_POINT('',(36.8333333333333,-94.,11.5));
#4847=CARTESIAN_POINT('',(109.5,-94.,11.5));
#4848=CARTESIAN_POINT('',(36.8333333333333,-94.,8.50000000000002));
#4849=CARTESIAN_POINT('',(36.8333333333333,-94.,4.25000000000002));
#4850=CARTESIAN_POINT('',(-1.00000000000001,-94.,8.50000000000002));
#4851=CARTESIAN_POINT('',(-54.75,-94.,8.50000000000002));
#4852=CARTESIAN_POINT('',(-1.00000000000001,-94.,11.5));
#4853=CARTESIAN_POINT('',(-1.00000000000001,-94.,5.75000000000002));
#4854=CARTESIAN_POINT('',(-107.5,-94.,11.5));
#4855=CARTESIAN_POINT('',(109.5,-94.,11.5));
#4856=CARTESIAN_POINT('',(-107.5,-94.,2.22044604925031E-14));
#4857=CARTESIAN_POINT('',(-107.5,-94.,2.22044604925031E-14));
#4858=CARTESIAN_POINT('',(109.5,-94.,2.22044604925031E-14));
#4859=CARTESIAN_POINT('Origin',(0.,-47.,11.5));
#4860=CARTESIAN_POINT('',(109.5,-1.99999999999999,11.5));
#4861=CARTESIAN_POINT('',(109.5,0.,11.5));
#4862=CARTESIAN_POINT('',(107.5,0.,11.5));
#4863=CARTESIAN_POINT('Origin',(107.5,-1.99999999999999,11.5));
#4864=CARTESIAN_POINT('',(-107.5,0.,11.5));
#4865=CARTESIAN_POINT('',(-109.5,0.,11.5));
#4866=CARTESIAN_POINT('',(-109.5,-1.99999999999999,11.5));
#4867=CARTESIAN_POINT('Origin',(-107.5,-1.99999999999999,11.5));
#4868=CARTESIAN_POINT('',(-109.5,-92.,11.5));
#4869=CARTESIAN_POINT('',(-109.5,-94.,11.5));
#4870=CARTESIAN_POINT('Origin',(-107.5,-92.,11.5));
#4871=CARTESIAN_POINT('',(0.,-95.,11.5));
#4872=CARTESIAN_POINT('Origin',(-1.00000000000001,-95.,11.5));
#4873=CARTESIAN_POINT('',(1.,-96.,11.5));
#4874=CARTESIAN_POINT('Origin',(1.,-95.,11.5));
#4875=CARTESIAN_POINT('',(34.8333333333333,-96.,11.5));
#4876=CARTESIAN_POINT('',(0.,-96.,11.5));
#4877=CARTESIAN_POINT('',(35.8333333333333,-95.,11.5));
#4878=CARTESIAN_POINT('Origin',(34.8333333333333,-95.,11.5));
#4879=CARTESIAN_POINT('Origin',(36.8333333333333,-95.,11.5));
#4880=CARTESIAN_POINT('',(-107.5,-90.,11.5));
#4881=CARTESIAN_POINT('Origin',(-105.5,-90.,11.5));
#4882=CARTESIAN_POINT('',(-107.5,-3.99999999999999,11.5));
#4883=CARTESIAN_POINT('',(-107.5,-24.5,11.5));
#4884=CARTESIAN_POINT('',(-105.5,-1.99999999999999,11.5));
#4885=CARTESIAN_POINT('Origin',(-105.5,-3.99999999999999,11.5));
#4886=CARTESIAN_POINT('',(53.75,-1.99999999999999,11.5));
#4887=CARTESIAN_POINT('Origin',(107.5,-1.99999999999999,0.));
#4888=CARTESIAN_POINT('',(109.5,-1.99999999999999,0.));
#4889=CARTESIAN_POINT('',(109.5,-1.99999999999999,0.));
#4890=CARTESIAN_POINT('',(107.5,0.,0.));
#4891=CARTESIAN_POINT('Origin',(107.5,-1.99999999999999,0.));
#4892=CARTESIAN_POINT('',(107.5,0.,0.));
#4893=CARTESIAN_POINT('Origin',(109.5,0.,0.));
#4894=CARTESIAN_POINT('',(-107.5,0.,0.));
#4895=CARTESIAN_POINT('',(-109.5,0.,0.));
#4896=CARTESIAN_POINT('',(-107.5,0.,0.));
#4897=CARTESIAN_POINT('',(69.6666666666667,0.,6.17157287525382));
#4898=CARTESIAN_POINT('',(72.6666666666667,0.,6.17157287525382));
#4899=CARTESIAN_POINT('',(89.5833333333333,0.,6.17157287525384));
#4900=CARTESIAN_POINT('',(72.6666666666667,0.,11.));
#4901=CARTESIAN_POINT('',(72.6666666666667,0.,4.91789321881346));
#4902=CARTESIAN_POINT('',(69.6666666666667,0.,11.));
#4903=CARTESIAN_POINT('',(89.5833333333333,0.,11.0000000000001));
#4904=CARTESIAN_POINT('',(69.6666666666667,0.,4.91789321881346));
#4905=CARTESIAN_POINT('',(-1.99999999999998,0.,6.17157287525382));
#4906=CARTESIAN_POINT('',(1.00000000000001,0.,6.17157287525382));
#4907=CARTESIAN_POINT('',(53.75,0.,6.17157287525384));
#4908=CARTESIAN_POINT('',(1.00000000000001,0.,11.));
#4909=CARTESIAN_POINT('',(1.00000000000001,0.,4.91789321881346));
#4910=CARTESIAN_POINT('',(-1.99999999999998,0.,11.));
#4911=CARTESIAN_POINT('',(53.75,0.,11.));
#4912=CARTESIAN_POINT('',(-1.99999999999999,0.,4.91789321881346));
#4913=CARTESIAN_POINT('',(-73.6666666666667,0.,6.17157287525382));
#4914=CARTESIAN_POINT('',(-70.6666666666667,0.,6.17157287525382));
#4915=CARTESIAN_POINT('',(17.9166666666667,0.,6.17157287525383));
#4916=CARTESIAN_POINT('',(-70.6666666666667,0.,11.));
#4917=CARTESIAN_POINT('',(-70.6666666666667,0.,4.91789321881346));
#4918=CARTESIAN_POINT('',(-73.6666666666667,0.,11.));
#4919=CARTESIAN_POINT('',(17.9166666666667,0.,11.));
#4920=CARTESIAN_POINT('',(-73.6666666666666,0.,4.91789321881346));
#4921=CARTESIAN_POINT('Origin',(-107.5,-1.99999999999999,0.));
#4922=CARTESIAN_POINT('',(-109.5,-1.99999999999999,0.));
#4923=CARTESIAN_POINT('Origin',(-107.5,-1.99999999999999,0.));
#4924=CARTESIAN_POINT('',(-109.5,-1.99999999999999,0.));
#4925=CARTESIAN_POINT('Origin',(-107.5,-92.,2.22044604925031E-14));
#4926=CARTESIAN_POINT('',(-109.5,-92.,2.22044604925031E-14));
#4927=CARTESIAN_POINT('',(-109.5,-92.,2.22044604925031E-14));
#4928=CARTESIAN_POINT('Origin',(-107.5,-92.,2.22044604925031E-14));
#4929=CARTESIAN_POINT('Origin',(69.4666666666667,2.44843756853683,11.5000001713634));
#4930=CARTESIAN_POINT('',(69.6666666666667,2.44843756853683,12.6832161279833));
#4931=CARTESIAN_POINT('Origin',(69.6666666666667,2.44843756853683,11.5000001713634));
#4932=CARTESIAN_POINT('',(70.6666666666667,2.44843756853683,11.5000001713634));
#4933=CARTESIAN_POINT('Origin',(69.4666666666667,2.44843756853683,11.5000001713634));
#4934=CARTESIAN_POINT('Origin',(-2.19999999999998,2.44843756853683,11.5000001713634));
#4935=CARTESIAN_POINT('',(-1.99999999999998,2.44843756853683,12.6832161279833));
#4936=CARTESIAN_POINT('Origin',(-1.99999999999998,2.44843756853683,11.5000001713634));
#4937=CARTESIAN_POINT('',(-0.999999999999979,2.44843756853683,11.5000001713634));
#4938=CARTESIAN_POINT('Origin',(-2.19999999999998,2.44843756853683,11.5000001713634));
#4939=CARTESIAN_POINT('Origin',(72.8666666666667,2.44843756853683,11.5000001713634));
#4940=CARTESIAN_POINT('',(72.6666666666667,2.44843756853683,12.6832161279833));
#4941=CARTESIAN_POINT('Origin',(72.6666666666667,2.44843756853683,11.5000001713634));
#4942=CARTESIAN_POINT('',(71.6666666666667,2.44843756853683,11.5000001713634));
#4943=CARTESIAN_POINT('Origin',(72.8666666666667,2.44843756853683,11.5000001713634));
#4944=CARTESIAN_POINT('Origin',(1.20000000000002,2.44843756853683,11.5000001713634));
#4945=CARTESIAN_POINT('',(1.00000000000001,2.44843756853683,12.6832161279833));
#4946=CARTESIAN_POINT('Origin',(1.00000000000001,2.44843756853683,11.5000001713634));
#4947=CARTESIAN_POINT('',(1.77635683940025E-14,2.44843756853683,11.5000001713634));
#4948=CARTESIAN_POINT('Origin',(1.20000000000002,2.44843756853683,11.5000001713634));
#4949=CARTESIAN_POINT('Origin',(-73.8666666666666,2.44843756853683,11.5000001713634));
#4950=CARTESIAN_POINT('',(-73.6666666666667,2.44843756853683,12.6832161279833));
#4951=CARTESIAN_POINT('Origin',(-73.6666666666667,2.44843756853683,11.5000001713634));
#4952=CARTESIAN_POINT('',(-72.6666666666666,2.44843756853683,11.5000001713634));
#4953=CARTESIAN_POINT('Origin',(-73.8666666666666,2.44843756853683,11.5000001713634));
#4954=CARTESIAN_POINT('Origin',(-70.4666666666667,2.44843756853683,11.5000001713634));
#4955=CARTESIAN_POINT('',(-70.6666666666666,2.44843756853683,12.6832161279833));
#4956=CARTESIAN_POINT('Origin',(-70.6666666666667,2.44843756853683,11.5000001713634));
#4957=CARTESIAN_POINT('',(-71.6666666666667,2.44843756853683,11.5000001713634));
#4958=CARTESIAN_POINT('Origin',(-70.4666666666667,2.44843756853683,11.5000001713634));
#4959=CARTESIAN_POINT('Origin',(69.6666666666667,0.718286333833191,12.408568330834));
#4960=CARTESIAN_POINT('',(69.6666666666667,0.718286333833191,12.408568330834));
#4961=CARTESIAN_POINT('',(69.6666666666667,0.718286333833191,12.408568330834));
#4962=CARTESIAN_POINT('',(72.6666666666667,0.718286333833191,12.408568330834));
#4963=CARTESIAN_POINT('',(72.6666666666667,0.718286333833191,12.408568330834));
#4964=CARTESIAN_POINT('',(69.6666666666667,0.718286333833191,12.408568330834));
#4965=CARTESIAN_POINT('Origin',(69.6666666666667,2.49999999999996,11.5));
#4966=CARTESIAN_POINT('',(69.6666666666667,3.91421356237306,10.0857864376269));
#4967=CARTESIAN_POINT('Origin',(69.6666666666667,2.49999999999996,11.5));
#4968=CARTESIAN_POINT('',(72.6666666666667,3.91421356237306,10.0857864376269));
#4969=CARTESIAN_POINT('Origin',(72.6666666666667,2.49999999999996,11.5));
#4970=CARTESIAN_POINT('',(69.6666666666667,3.91421356237306,10.0857864376269));
#4971=CARTESIAN_POINT('Origin',(69.6666666666667,0.,6.17157287525382));
#4972=CARTESIAN_POINT('',(69.6666666666667,3.91421356237306,10.0857864376269));
#4973=CARTESIAN_POINT('',(72.6666666666667,3.91421356237306,10.0857864376269));
#4974=CARTESIAN_POINT('Origin',(69.6666666666667,2.24999999999998,9.83578643762691));
#4975=CARTESIAN_POINT('Origin',(72.6666666666667,2.24999999999998,9.83578643762691));
#4976=CARTESIAN_POINT('Origin',(-1.99999999999998,0.718286333833191,12.408568330834));
#4977=CARTESIAN_POINT('',(-1.99999999999998,0.718286333833191,12.408568330834));
#4978=CARTESIAN_POINT('',(-1.99999999999998,0.718286333833191,12.408568330834));
#4979=CARTESIAN_POINT('',(1.00000000000001,0.718286333833191,12.408568330834));
#4980=CARTESIAN_POINT('',(1.00000000000001,0.718286333833191,12.408568330834));
#4981=CARTESIAN_POINT('',(-1.99999999999998,0.718286333833191,12.408568330834));
#4982=CARTESIAN_POINT('Origin',(-1.99999999999998,2.5,11.5));
#4983=CARTESIAN_POINT('',(-1.99999999999998,3.91421356237309,10.0857864376269));
#4984=CARTESIAN_POINT('Origin',(-1.99999999999998,2.5,11.5));
#4985=CARTESIAN_POINT('',(1.00000000000001,3.91421356237309,10.0857864376269));
#4986=CARTESIAN_POINT('Origin',(1.00000000000001,2.5,11.5));
#4987=CARTESIAN_POINT('',(-1.99999999999998,3.91421356237309,10.0857864376269));
#4988=CARTESIAN_POINT('Origin',(-1.99999999999998,0.,6.17157287525382));
#4989=CARTESIAN_POINT('',(-1.99999999999998,3.91421356237309,10.0857864376269));
#4990=CARTESIAN_POINT('',(1.00000000000001,3.91421356237309,10.0857864376269));
#4991=CARTESIAN_POINT('Origin',(-1.99999999999998,2.24999999999998,9.83578643762691));
#4992=CARTESIAN_POINT('Origin',(1.00000000000001,2.24999999999998,9.83578643762691));
#4993=CARTESIAN_POINT('Origin',(-73.6666666666667,0.718286333833191,12.408568330834));
#4994=CARTESIAN_POINT('',(-73.6666666666667,0.718286333833191,12.408568330834));
#4995=CARTESIAN_POINT('',(-73.6666666666667,0.718286333833191,12.408568330834));
#4996=CARTESIAN_POINT('',(-70.6666666666667,0.718286333833191,12.408568330834));
#4997=CARTESIAN_POINT('',(-70.6666666666667,0.718286333833191,12.408568330834));
#4998=CARTESIAN_POINT('',(-73.6666666666667,0.718286333833191,12.408568330834));
#4999=CARTESIAN_POINT('Origin',(-73.6666666666667,2.5,11.5));
#5000=CARTESIAN_POINT('',(-73.6666666666667,3.91421356237309,10.0857864376269));
#5001=CARTESIAN_POINT('Origin',(-73.6666666666667,2.5,11.5));
#5002=CARTESIAN_POINT('',(-70.6666666666667,3.91421356237309,10.0857864376269));
#5003=CARTESIAN_POINT('Origin',(-70.6666666666667,2.5,11.5));
#5004=CARTESIAN_POINT('',(-73.6666666666667,3.91421356237309,10.0857864376269));
#5005=CARTESIAN_POINT('Origin',(-73.6666666666667,0.,6.17157287525382));
#5006=CARTESIAN_POINT('',(-73.6666666666667,3.91421356237309,10.0857864376269));
#5007=CARTESIAN_POINT('',(-70.6666666666667,3.91421356237309,10.0857864376269));
#5008=CARTESIAN_POINT('Origin',(-73.6666666666667,2.24999999999998,9.83578643762691));
#5009=CARTESIAN_POINT('Origin',(-70.6666666666667,2.24999999999998,9.83578643762691));
#5010=CARTESIAN_POINT('Origin',(36.8333333333333,-95.,4.25000000000002));
#5011=CARTESIAN_POINT('',(35.8333333333333,-95.,9.50000000000002));
#5012=CARTESIAN_POINT('Origin',(36.8333333333333,-95.,9.50000000000001));
#5013=CARTESIAN_POINT('',(35.8333333333333,-95.,9.25000000000002));
#5014=CARTESIAN_POINT('Origin',(34.8333333333333,-95.,9.25000000000002));
#5015=CARTESIAN_POINT('',(34.8333333333333,-96.,10.5));
#5016=CARTESIAN_POINT('',(34.8333333333333,-96.,9.25000000000002));
#5017=CARTESIAN_POINT('Origin',(34.8333333333333,-95.,9.50000000000002));
#5018=CARTESIAN_POINT('Origin',(8.95833333333334,-95.,9.50000000000002));
#5019=CARTESIAN_POINT('',(1.,-96.,10.5));
#5020=CARTESIAN_POINT('',(8.95833333333334,-96.,10.5));
#5021=CARTESIAN_POINT('',(0.,-95.,9.50000000000001));
#5022=CARTESIAN_POINT('Origin',(1.,-95.,9.50000000000002));
#5023=CARTESIAN_POINT('Origin',(-1.00000000000001,-95.,9.50000000000001));
#5024=CARTESIAN_POINT('Origin',(1.,-95.,10.75));
#5025=CARTESIAN_POINT('',(1.,-96.,10.75));
#5026=CARTESIAN_POINT('',(0.,-95.,5.75000000000002));
#5027=CARTESIAN_POINT('Origin',(-1.00000000000001,-95.,5.75000000000002));
#5028=CARTESIAN_POINT('Origin',(17.9166666666667,-96.,10.));
#5029=CARTESIAN_POINT('Origin',(-35.8333333333333,-92.6000000000001,16.0000000000003));
#5030=CARTESIAN_POINT('',(-35.8333333333333,-92.6000000000001,16.0000000000003));
#5031=CARTESIAN_POINT('',(-35.8333333333333,-92.,15.4));
#5032=CARTESIAN_POINT('',(35.8333333333333,-92.6000000000001,16.0000000000003));
#5033=CARTESIAN_POINT('',(35.8333333333333,-92.,15.4));
#5034=CARTESIAN_POINT('',(-35.8333333333333,-92.6000000000001,16.0000000000003));
#5035=CARTESIAN_POINT('Origin',(-35.8333333333333,-92.6,16.4999999999995));
#5036=CARTESIAN_POINT('',(-35.8333333333333,-92.6,16.4999999999995));
#5037=CARTESIAN_POINT('',(-35.8333333333333,-92.6,16.4999999999995));
#5038=CARTESIAN_POINT('',(35.8333333333333,-92.6,16.4999999999995));
#5039=CARTESIAN_POINT('',(35.8333333333333,-92.6,16.4999999999995));
#5040=CARTESIAN_POINT('',(-35.8333333333333,-92.6,16.4999999999995));
#5041=CARTESIAN_POINT('Origin',(-35.8333333333333,-92.,17.1));
#5042=CARTESIAN_POINT('',(-35.8333333333333,-92.,17.1));
#5043=CARTESIAN_POINT('',(35.8333333333333,-92.,17.1));
#5044=CARTESIAN_POINT('Origin',(-35.8333333333333,-92.3,16.25));
#5045=CARTESIAN_POINT('Origin',(35.8333333333333,-92.3,16.25));
#5046=CARTESIAN_POINT('Origin',(-105.5,-3.99999999999999,0.));
#5047=CARTESIAN_POINT('',(-105.5,-1.99999999999999,0.));
#5048=CARTESIAN_POINT('',(-107.5,-3.99999999999999,0.));
#5049=CARTESIAN_POINT('Origin',(-107.5,-1.99999999999999,0.));
#5050=CARTESIAN_POINT('',(-107.5,-90.,2.22044604925031E-14));
#5051=CARTESIAN_POINT('Origin',(-105.5,-90.,2.22044604925031E-14));
#5052=CARTESIAN_POINT('Origin',(107.5,-1.99999999999999,0.));
#5053=CARTESIAN_POINT('Origin',(109.5,-94.,2.22044604925031E-14));
#5054=CARTESIAN_POINT('',(109.5,0.,0.));
#5055=CARTESIAN_POINT('Origin',(-109.5,0.,0.));
#5056=CARTESIAN_POINT('',(-109.5,-94.,2.22044604925031E-14));
#5057=CARTESIAN_POINT('Origin',(52.75,-23.,9.00000000000001));
#5058=CARTESIAN_POINT('',(105.5,-23.,2.00000000000001));
#5059=CARTESIAN_POINT('',(105.5,-30.,9.00000000000001));
#5060=CARTESIAN_POINT('Origin',(105.5,-23.,9.00000000000001));
#5061=CARTESIAN_POINT('',(-105.5,-23.,2.00000000000001));
#5062=CARTESIAN_POINT('',(52.75,-23.,2.00000000000001));
#5063=CARTESIAN_POINT('',(-105.5,-30.,9.00000000000001));
#5064=CARTESIAN_POINT('Origin',(-105.5,-23.,9.00000000000001));
#5065=CARTESIAN_POINT('',(52.75,-30.,9.00000000000001));
#5066=CARTESIAN_POINT('Origin',(105.5,-92.,2.22044604925031E-14));
#5067=CARTESIAN_POINT('',(105.5,-30.,1.00000000000001));
#5068=CARTESIAN_POINT('',(105.5,-3.99999999999999,2.));
#5069=CARTESIAN_POINT('',(105.5,-3.99999999999999,0.));
#5070=CARTESIAN_POINT('',(105.5,-69.5,2.00000000000002));
#5071=CARTESIAN_POINT('Origin',(105.5,-30.,2.00000000000001));
#5072=CARTESIAN_POINT('',(-105.5,-30.,1.00000000000001));
#5073=CARTESIAN_POINT('Origin',(10.,-48.,9.00000000000001));
#5074=CARTESIAN_POINT('',(20.,-48.,2.00000000000001));
#5075=CARTESIAN_POINT('',(20.,-55.,9.00000000000002));
#5076=CARTESIAN_POINT('Origin',(20.,-48.,9.00000000000001));
#5077=CARTESIAN_POINT('',(-10.5,-48.,2.00000000000001));
#5078=CARTESIAN_POINT('',(10.,-48.,2.00000000000001));
#5079=CARTESIAN_POINT('',(-10.5,-55.,9.00000000000002));
#5080=CARTESIAN_POINT('Origin',(-10.5,-48.,9.00000000000001));
#5081=CARTESIAN_POINT('',(10.,-55.,9.00000000000002));
#5082=CARTESIAN_POINT('Origin',(20.,-31.5,2.00000000000001));
#5083=CARTESIAN_POINT('',(20.,-55.,2.00000000000001));
#5084=CARTESIAN_POINT('',(20.,-31.5,2.00000000000001));
#5085=CARTESIAN_POINT('',(20.,-31.5,2.00000000000001));
#5086=CARTESIAN_POINT('',(20.,-39.25,2.00000000000001));
#5087=CARTESIAN_POINT('Origin',(20.,-55.,2.00000000000001));
#5088=CARTESIAN_POINT('',(-10.5,-55.,2.00000000000001));
#5089=CARTESIAN_POINT('Origin',(52.75,-48.,9.00000000000001));
#5090=CARTESIAN_POINT('',(105.5,-48.,2.00000000000001));
#5091=CARTESIAN_POINT('',(105.5,-55.,9.00000000000002));
#5092=CARTESIAN_POINT('Origin',(105.5,-48.,9.00000000000001));
#5093=CARTESIAN_POINT('',(72.5,-48.,2.00000000000001));
#5094=CARTESIAN_POINT('',(52.75,-48.,2.00000000000001));
#5095=CARTESIAN_POINT('',(72.5,-55.,9.00000000000002));
#5096=CARTESIAN_POINT('Origin',(72.5,-48.,9.00000000000001));
#5097=CARTESIAN_POINT('',(52.75,-55.,9.00000000000002));
#5098=CARTESIAN_POINT('Origin',(105.5,-92.,2.22044604925031E-14));
#5099=CARTESIAN_POINT('',(105.5,-55.,1.00000000000001));
#5100=CARTESIAN_POINT('',(105.5,-31.5,2.00000000000001));
#5101=CARTESIAN_POINT('',(105.5,-31.5,1.00000000000001));
#5102=CARTESIAN_POINT('',(105.5,-69.5,2.00000000000002));
#5103=CARTESIAN_POINT('Origin',(105.5,-55.,2.00000000000001));
#5104=CARTESIAN_POINT('',(72.5,-55.,2.00000000000001));
#5105=CARTESIAN_POINT('Origin',(35.5,-48.,9.00000000000001));
#5106=CARTESIAN_POINT('',(71.,-48.,2.00000000000001));
#5107=CARTESIAN_POINT('',(71.,-55.,9.00000000000002));
#5108=CARTESIAN_POINT('Origin',(71.,-48.,9.00000000000001));
#5109=CARTESIAN_POINT('',(21.5,-48.,2.00000000000001));
#5110=CARTESIAN_POINT('',(35.5,-48.,2.00000000000001));
#5111=CARTESIAN_POINT('',(21.5,-55.,9.00000000000002));
#5112=CARTESIAN_POINT('Origin',(21.5,-48.,9.00000000000001));
#5113=CARTESIAN_POINT('',(35.5,-55.,9.00000000000002));
#5114=CARTESIAN_POINT('Origin',(71.,-31.5,2.00000000000001));
#5115=CARTESIAN_POINT('',(71.,-55.,2.00000000000001));
#5116=CARTESIAN_POINT('',(71.,-31.5,2.00000000000001));
#5117=CARTESIAN_POINT('',(71.,-31.5,2.00000000000001));
#5118=CARTESIAN_POINT('',(71.,-39.25,2.00000000000001));
#5119=CARTESIAN_POINT('Origin',(71.,-55.,2.00000000000001));
#5120=CARTESIAN_POINT('',(21.5,-55.,2.00000000000001));
#5121=CARTESIAN_POINT('Origin',(-53.75,-83.,9.00000000000002));
#5122=CARTESIAN_POINT('',(54.5,-90.,9.00000000000002));
#5123=CARTESIAN_POINT('',(54.5,-83.,2.00000000000002));
#5124=CARTESIAN_POINT('Origin',(54.5,-83.,9.00000000000002));
#5125=CARTESIAN_POINT('',(71.,-90.,9.00000000000002));
#5126=CARTESIAN_POINT('',(-53.75,-90.,9.00000000000002));
#5127=CARTESIAN_POINT('',(71.,-83.,2.00000000000002));
#5128=CARTESIAN_POINT('Origin',(71.,-83.,9.00000000000002));
#5129=CARTESIAN_POINT('',(-53.75,-83.,2.00000000000002));
#5130=CARTESIAN_POINT('Origin',(71.,-56.5,2.00000000000002));
#5131=CARTESIAN_POINT('',(71.,-90.,1.00000000000002));
#5132=CARTESIAN_POINT('',(71.,-56.5,2.00000000000002));
#5133=CARTESIAN_POINT('',(71.,-56.5,2.00000000000002));
#5134=CARTESIAN_POINT('',(71.,-51.75,2.00000000000001));
#5135=CARTESIAN_POINT('Origin',(-107.5,-90.,2.22044604925031E-14));
#5136=CARTESIAN_POINT('',(54.5,-90.,1.00000000000002));
#5137=CARTESIAN_POINT('Origin',(-53.75,-83.,9.00000000000002));
#5138=CARTESIAN_POINT('',(72.5,-90.,9.00000000000002));
#5139=CARTESIAN_POINT('',(72.5,-83.,2.00000000000002));
#5140=CARTESIAN_POINT('Origin',(72.5,-83.,9.00000000000002));
#5141=CARTESIAN_POINT('',(105.5,-90.,9.00000000000002));
#5142=CARTESIAN_POINT('',(-53.75,-90.,9.00000000000002));
#5143=CARTESIAN_POINT('',(105.5,-83.,2.00000000000002));
#5144=CARTESIAN_POINT('Origin',(105.5,-83.,9.00000000000002));
#5145=CARTESIAN_POINT('',(-53.75,-83.,2.00000000000002));
#5146=CARTESIAN_POINT('Origin',(72.5,-90.,2.00000000000002));
#5147=CARTESIAN_POINT('',(72.5,-56.5,2.00000000000002));
#5148=CARTESIAN_POINT('',(72.5,-68.5,2.00000000000002));
#5149=CARTESIAN_POINT('',(72.5,-56.5,2.00000000000002));
#5150=CARTESIAN_POINT('',(72.5,-90.,1.00000000000002));
#5151=CARTESIAN_POINT('Origin',(0.,-47.,2.00000000000001));
#5152=CARTESIAN_POINT('',(105.5,-56.5,2.00000000000002));
#5153=CARTESIAN_POINT('',(105.5,-69.5,2.00000000000002));
#5154=CARTESIAN_POINT('',(36.25,-56.5,2.00000000000002));
#5155=CARTESIAN_POINT('Origin',(-53.75,-83.,9.00000000000002));
#5156=CARTESIAN_POINT('',(39.5,-90.,9.00000000000002));
#5157=CARTESIAN_POINT('',(39.5,-83.,2.00000000000002));
#5158=CARTESIAN_POINT('Origin',(39.5,-83.,9.00000000000002));
#5159=CARTESIAN_POINT('',(53.,-90.,9.00000000000002));
#5160=CARTESIAN_POINT('',(-53.75,-90.,9.00000000000002));
#5161=CARTESIAN_POINT('',(53.,-83.,2.00000000000002));
#5162=CARTESIAN_POINT('Origin',(53.,-83.,9.00000000000002));
#5163=CARTESIAN_POINT('',(-53.75,-83.,2.00000000000002));
#5164=CARTESIAN_POINT('Origin',(53.,-56.5,2.00000000000002));
#5165=CARTESIAN_POINT('',(53.,-90.,1.00000000000002));
#5166=CARTESIAN_POINT('',(53.,-56.5,2.00000000000002));
#5167=CARTESIAN_POINT('',(53.,-56.5,2.00000000000002));
#5168=CARTESIAN_POINT('',(53.,-51.75,2.00000000000001));
#5169=CARTESIAN_POINT('Origin',(-107.5,-90.,2.22044604925031E-14));
#5170=CARTESIAN_POINT('',(39.5,-90.,1.00000000000002));
#5171=CARTESIAN_POINT('Origin',(-53.75,-83.,9.00000000000002));
#5172=CARTESIAN_POINT('',(21.5,-90.,9.00000000000002));
#5173=CARTESIAN_POINT('',(21.5,-83.,2.00000000000002));
#5174=CARTESIAN_POINT('Origin',(21.5,-83.,9.00000000000002));
#5175=CARTESIAN_POINT('',(38.,-90.,9.00000000000002));
#5176=CARTESIAN_POINT('',(-53.75,-90.,9.00000000000002));
#5177=CARTESIAN_POINT('',(38.,-83.,2.00000000000002));
#5178=CARTESIAN_POINT('Origin',(38.,-83.,9.00000000000002));
#5179=CARTESIAN_POINT('',(-53.75,-83.,2.00000000000002));
#5180=CARTESIAN_POINT('Origin',(38.,-56.5,2.00000000000002));
#5181=CARTESIAN_POINT('',(38.,-90.,1.00000000000002));
#5182=CARTESIAN_POINT('',(38.,-56.5,2.00000000000002));
#5183=CARTESIAN_POINT('',(38.,-56.5,2.00000000000002));
#5184=CARTESIAN_POINT('',(38.,-51.75,2.00000000000001));
#5185=CARTESIAN_POINT('Origin',(-107.5,-90.,2.22044604925031E-14));
#5186=CARTESIAN_POINT('',(21.5,-90.,1.00000000000002));
#5187=CARTESIAN_POINT('Origin',(-53.75,-83.,9.00000000000002));
#5188=CARTESIAN_POINT('',(-10.5,-90.,9.00000000000002));
#5189=CARTESIAN_POINT('',(-10.5,-83.,2.00000000000002));
#5190=CARTESIAN_POINT('Origin',(-10.5,-83.,9.00000000000002));
#5191=CARTESIAN_POINT('',(20.,-90.,9.00000000000002));
#5192=CARTESIAN_POINT('',(-53.75,-90.,9.00000000000002));
#5193=CARTESIAN_POINT('',(20.,-83.,2.00000000000002));
#5194=CARTESIAN_POINT('Origin',(20.,-83.,9.00000000000002));
#5195=CARTESIAN_POINT('',(-53.75,-83.,2.00000000000002));
#5196=CARTESIAN_POINT('Origin',(20.,-56.5,2.00000000000002));
#5197=CARTESIAN_POINT('',(20.,-90.,1.00000000000002));
#5198=CARTESIAN_POINT('',(20.,-56.5,2.00000000000002));
#5199=CARTESIAN_POINT('',(20.,-56.5,2.00000000000002));
#5200=CARTESIAN_POINT('',(20.,-51.75,2.00000000000001));
#5201=CARTESIAN_POINT('Origin',(-107.5,-90.,2.22044604925031E-14));
#5202=CARTESIAN_POINT('',(-10.5,-90.,1.00000000000002));
#5203=CARTESIAN_POINT('Origin',(21.5,-55.,2.00000000000001));
#5204=CARTESIAN_POINT('',(21.5,-31.5,2.00000000000001));
#5205=CARTESIAN_POINT('',(21.5,-51.,2.00000000000001));
#5206=CARTESIAN_POINT('',(21.5,-31.5,2.00000000000001));
#5207=CARTESIAN_POINT('Origin',(-10.5,-55.,2.00000000000001));
#5208=CARTESIAN_POINT('',(-10.5,-31.5,2.00000000000001));
#5209=CARTESIAN_POINT('',(-10.5,-51.,2.00000000000001));
#5210=CARTESIAN_POINT('',(-10.5,-31.5,2.00000000000001));
#5211=CARTESIAN_POINT('Origin',(-12.,-31.5,2.00000000000001));
#5212=CARTESIAN_POINT('',(-12.,-31.5,2.00000000000001));
#5213=CARTESIAN_POINT('',(-12.,-31.5,2.00000000000001));
#5214=CARTESIAN_POINT('',(-12.,-90.,2.00000000000002));
#5215=CARTESIAN_POINT('',(-12.,-39.25,2.00000000000001));
#5216=CARTESIAN_POINT('',(-12.,-90.,1.00000000000002));
#5217=CARTESIAN_POINT('Origin',(-105.5,-31.5,2.00000000000001));
#5218=CARTESIAN_POINT('',(-105.5,-31.5,2.00000000000001));
#5219=CARTESIAN_POINT('',(-105.5,-31.5,1.00000000000001));
#5220=CARTESIAN_POINT('',(-52.75,-31.5,2.00000000000001));
#5221=CARTESIAN_POINT('Origin',(72.5,-31.5,2.00000000000001));
#5222=CARTESIAN_POINT('',(72.5,-31.5,2.00000000000001));
#5223=CARTESIAN_POINT('',(72.5,-31.5,2.00000000000001));
#5224=CARTESIAN_POINT('',(36.25,-31.5,2.00000000000001));
#5225=CARTESIAN_POINT('Origin',(72.5,-55.,2.00000000000001));
#5226=CARTESIAN_POINT('',(72.5,-51.,2.00000000000001));
#5227=CARTESIAN_POINT('Origin',(72.5,-56.5,2.00000000000002));
#5228=CARTESIAN_POINT('',(105.5,-56.5,1.00000000000001));
#5229=CARTESIAN_POINT('Origin',(54.5,-56.5,2.00000000000002));
#5230=CARTESIAN_POINT('',(54.5,-56.5,2.00000000000002));
#5231=CARTESIAN_POINT('',(54.5,-56.5,2.00000000000002));
#5232=CARTESIAN_POINT('',(27.25,-56.5,2.00000000000002));
#5233=CARTESIAN_POINT('Origin',(21.5,-31.5,2.00000000000001));
#5234=CARTESIAN_POINT('',(10.75,-31.5,2.00000000000001));
#5235=CARTESIAN_POINT('Origin',(-10.5,-31.5,2.00000000000001));
#5236=CARTESIAN_POINT('',(-5.25,-31.5,2.00000000000001));
#5237=CARTESIAN_POINT('Origin',(54.5,-90.,2.00000000000002));
#5238=CARTESIAN_POINT('',(54.5,-68.5,2.00000000000002));
#5239=CARTESIAN_POINT('Origin',(39.5,-56.5,2.00000000000002));
#5240=CARTESIAN_POINT('',(39.5,-56.5,2.00000000000002));
#5241=CARTESIAN_POINT('',(39.5,-56.5,2.00000000000002));
#5242=CARTESIAN_POINT('',(19.75,-56.5,2.00000000000002));
#5243=CARTESIAN_POINT('Origin',(39.5,-90.,2.00000000000002));
#5244=CARTESIAN_POINT('',(39.5,-68.5,2.00000000000002));
#5245=CARTESIAN_POINT('Origin',(21.5,-56.5,2.00000000000002));
#5246=CARTESIAN_POINT('',(21.5,-56.5,2.00000000000002));
#5247=CARTESIAN_POINT('',(21.5,-56.5,2.00000000000002));
#5248=CARTESIAN_POINT('',(10.75,-56.5,2.00000000000002));
#5249=CARTESIAN_POINT('Origin',(21.5,-90.,2.00000000000002));
#5250=CARTESIAN_POINT('',(21.5,-68.5,2.00000000000002));
#5251=CARTESIAN_POINT('Origin',(-10.5,-56.5,2.00000000000002));
#5252=CARTESIAN_POINT('',(-10.5,-56.5,2.00000000000002));
#5253=CARTESIAN_POINT('',(-10.5,-56.5,2.00000000000002));
#5254=CARTESIAN_POINT('',(-5.25,-56.5,2.00000000000002));
#5255=CARTESIAN_POINT('Origin',(-10.5,-90.,2.00000000000002));
#5256=CARTESIAN_POINT('',(-10.5,-68.5,2.00000000000002));
#5257=CARTESIAN_POINT('Origin',(105.5,-92.,2.22044604925031E-14));
#5258=CARTESIAN_POINT('',(105.5,-90.,2.22044604925031E-14));
#5259=CARTESIAN_POINT('Origin',(-105.5,-1.99999999999999,0.));
#5260=CARTESIAN_POINT('',(-105.5,-90.,2.00000000000002));
#5261=CARTESIAN_POINT('',(-105.5,-90.,2.22044604925031E-14));
#5262=CARTESIAN_POINT('',(-105.5,-24.5,2.00000000000001));
#5263=CARTESIAN_POINT('Origin',(-105.5,-1.99999999999999,0.));
#5264=CARTESIAN_POINT('',(-105.5,-4.00000000000002,2.));
#5265=CARTESIAN_POINT('',(-105.5,-24.5,2.00000000000001));
#5266=CARTESIAN_POINT('',(-105.5,-3.99999999999999,0.));
#5267=CARTESIAN_POINT('Origin',(-107.5,-90.,2.22044604925031E-14));
#5268=CARTESIAN_POINT('',(-53.75,-90.,2.00000000000002));
#5269=CARTESIAN_POINT('Origin',(-107.5,-90.,2.22044604925031E-14));
#5270=CARTESIAN_POINT('Origin',(0.,-47.,2.00000000000001));
#5271=CARTESIAN_POINT('Origin',(0.,-47.,2.00000000000001));
#5272=CARTESIAN_POINT('Origin',(0.,-47.,2.00000000000001));
#5273=CARTESIAN_POINT('Origin',(0.,-47.,2.00000000000001));
#5274=CARTESIAN_POINT('Origin',(0.,-47.,2.00000000000001));
#5275=CARTESIAN_POINT('Origin',(0.,-47.,2.00000000000001));
#5276=CARTESIAN_POINT('',(53.75,-3.99999999999999,2.));
#5277=CARTESIAN_POINT('Origin',(0.,-47.,2.00000000000001));
#5278=CARTESIAN_POINT('Origin',(0.,-47.,2.00000000000001));
#5279=CARTESIAN_POINT('Origin',(107.5,-3.99999999999999,0.));
#5280=CARTESIAN_POINT('Origin',(0.,-47.,2.00000000000001));
#5281=CARTESIAN_POINT('Origin',(0.,-47.,8.88178419700125E-15));
#5282=CARTESIAN_POINT('Origin',(52.75,97.9,11.));
#5283=CARTESIAN_POINT('',(-105.5,98.4,11.5));
#5284=CARTESIAN_POINT('',(-105.5,97.4,10.5));
#5285=CARTESIAN_POINT('',(-105.5,98.4,11.5));
#5286=CARTESIAN_POINT('',(105.5,97.4,10.5));
#5287=CARTESIAN_POINT('',(52.75,97.4,10.5));
#5288=CARTESIAN_POINT('',(105.5,98.4,11.5));
#5289=CARTESIAN_POINT('',(105.5,97.4,10.5));
#5290=CARTESIAN_POINT('',(52.75,98.4,11.5));
#5291=CARTESIAN_POINT('Origin',(-105.5,95.,11.));
#5292=CARTESIAN_POINT('',(-108.9,95.,11.5));
#5293=CARTESIAN_POINT('',(-107.9,95.,10.5));
#5294=CARTESIAN_POINT('',(-108.9,95.,11.5));
#5295=CARTESIAN_POINT('Origin',(-105.5,95.,10.5));
#5296=CARTESIAN_POINT('Origin',(-105.5,95.,11.5));
#5297=CARTESIAN_POINT('Origin',(-108.4,73.5,11.));
#5298=CARTESIAN_POINT('',(-108.9,8.99999999999999,11.5));
#5299=CARTESIAN_POINT('',(-107.9,8.99999999999999,10.5));
#5300=CARTESIAN_POINT('',(-108.9,8.99999999999999,11.5));
#5301=CARTESIAN_POINT('',(-107.9,73.5,10.5));
#5302=CARTESIAN_POINT('',(-108.9,73.5,11.5));
#5303=CARTESIAN_POINT('Origin',(-105.5,8.99999999999999,11.));
#5304=CARTESIAN_POINT('',(-105.5,5.59999999999999,11.5));
#5305=CARTESIAN_POINT('',(-105.5,6.6,10.5));
#5306=CARTESIAN_POINT('',(-105.5,5.59999999999999,11.5));
#5307=CARTESIAN_POINT('Origin',(-105.5,8.99999999999999,10.5));
#5308=CARTESIAN_POINT('Origin',(-105.5,8.99999999999999,11.5));
#5309=CARTESIAN_POINT('Origin',(-52.75,6.09999999999999,11.));
#5310=CARTESIAN_POINT('',(105.5,5.59999999999999,11.5));
#5311=CARTESIAN_POINT('',(105.5,6.59999999999997,10.5));
#5312=CARTESIAN_POINT('',(105.5,5.59999999999999,11.5));
#5313=CARTESIAN_POINT('',(-52.75,6.6,10.5));
#5314=CARTESIAN_POINT('',(-52.75,5.59999999999999,11.5));
#5315=CARTESIAN_POINT('Origin',(105.5,8.99999999999995,11.));
#5316=CARTESIAN_POINT('',(108.9,8.99999999999995,11.5));
#5317=CARTESIAN_POINT('',(107.9,8.99999999999995,10.5));
#5318=CARTESIAN_POINT('',(108.9,8.99999999999995,11.5));
#5319=CARTESIAN_POINT('Origin',(105.5,8.99999999999995,10.5));
#5320=CARTESIAN_POINT('Origin',(105.5,8.99999999999995,11.5));
#5321=CARTESIAN_POINT('Origin',(108.4,30.5,11.));
#5322=CARTESIAN_POINT('',(108.9,95.,11.5));
#5323=CARTESIAN_POINT('',(107.9,95.,10.5));
#5324=CARTESIAN_POINT('',(108.9,95.,11.5));
#5325=CARTESIAN_POINT('',(107.9,30.5,10.5));
#5326=CARTESIAN_POINT('',(108.9,30.5,11.5));
#5327=CARTESIAN_POINT('Origin',(105.5,95.,11.));
#5328=CARTESIAN_POINT('Origin',(105.5,95.,10.5));
#5329=CARTESIAN_POINT('Origin',(105.5,95.,11.5));
#5330=CARTESIAN_POINT('Origin',(105.5,8.99999999999995,11.5));
#5331=CARTESIAN_POINT('',(107.9,8.99999999999995,2.));
#5332=CARTESIAN_POINT('',(107.9,8.99999999999995,11.5));
#5333=CARTESIAN_POINT('',(105.5,6.59999999999997,2.));
#5334=CARTESIAN_POINT('Origin',(105.5,8.99999999999995,2.));
#5335=CARTESIAN_POINT('',(105.5,6.59999999999997,11.5));
#5336=CARTESIAN_POINT('Origin',(107.9,8.99999999999995,11.5));
#5337=CARTESIAN_POINT('',(107.9,95.,1.99999999999999));
#5338=CARTESIAN_POINT('',(107.9,95.,11.5));
#5339=CARTESIAN_POINT('',(107.9,30.5,2.));
#5340=CARTESIAN_POINT('Origin',(105.5,95.,11.5));
#5341=CARTESIAN_POINT('',(105.5,97.4,1.99999999999999));
#5342=CARTESIAN_POINT('',(105.5,97.4,11.5));
#5343=CARTESIAN_POINT('Origin',(105.5,95.,1.99999999999999));
#5344=CARTESIAN_POINT('Origin',(105.5,97.4,11.5));
#5345=CARTESIAN_POINT('',(-105.5,97.4,1.99999999999999));
#5346=CARTESIAN_POINT('',(-105.5,97.4,11.5));
#5347=CARTESIAN_POINT('',(52.75,97.4,1.99999999999999));
#5348=CARTESIAN_POINT('',(35.9333333333333,97.4,6.15857864376301));
#5349=CARTESIAN_POINT('',(-35.9333333333333,97.4,6.158578643763));
#5350=CARTESIAN_POINT('',(34.8333333333333,97.4,6.158578643763));
#5351=CARTESIAN_POINT('',(-35.9333333333333,97.4,7.34142135623717));
#5352=CARTESIAN_POINT('',(-35.9333333333333,97.4,9.12499999999999));
#5353=CARTESIAN_POINT('',(35.9333333333333,97.4,7.34142135623717));
#5354=CARTESIAN_POINT('',(34.8333333333333,97.4,7.34142135623717));
#5355=CARTESIAN_POINT('',(35.9333333333333,97.4,9.12499999999999));
#5356=CARTESIAN_POINT('Origin',(0.,52.,11.5));
#5357=CARTESIAN_POINT('',(107.5,99.,11.5));
#5358=CARTESIAN_POINT('',(109.5,97.,11.5));
#5359=CARTESIAN_POINT('Origin',(107.5,97.,11.5));
#5360=CARTESIAN_POINT('',(1.,99.,11.5));
#5361=CARTESIAN_POINT('',(-109.5,99.,11.5));
#5362=CARTESIAN_POINT('',(0.,100.,11.5));
#5363=CARTESIAN_POINT('Origin',(1.,100.,11.5));
#5364=CARTESIAN_POINT('',(-1.,101.,11.5));
#5365=CARTESIAN_POINT('Origin',(-1.,100.,11.5));
#5366=CARTESIAN_POINT('',(-34.8333333333333,101.,11.5));
#5367=CARTESIAN_POINT('',(0.,101.,11.5));
#5368=CARTESIAN_POINT('',(-35.8333333333333,100.,11.5));
#5369=CARTESIAN_POINT('Origin',(-34.8333333333333,100.,11.5));
#5370=CARTESIAN_POINT('',(-36.8333333333333,99.,11.5));
#5371=CARTESIAN_POINT('Origin',(-36.8333333333333,100.,11.5));
#5372=CARTESIAN_POINT('',(-107.5,99.,11.5));
#5373=CARTESIAN_POINT('',(-109.5,99.,11.5));
#5374=CARTESIAN_POINT('',(-109.5,97.,11.5));
#5375=CARTESIAN_POINT('Origin',(-107.5,97.,11.5));
#5376=CARTESIAN_POINT('',(-109.5,6.99999999999999,11.5));
#5377=CARTESIAN_POINT('',(-109.5,5.,11.5));
#5378=CARTESIAN_POINT('',(-107.5,5.,11.5));
#5379=CARTESIAN_POINT('Origin',(-107.5,6.99999999999999,11.5));
#5380=CARTESIAN_POINT('',(107.5,5.,11.5));
#5381=CARTESIAN_POINT('',(109.5,5.,11.5));
#5382=CARTESIAN_POINT('',(109.5,6.99999999999999,11.5));
#5383=CARTESIAN_POINT('Origin',(107.5,6.99999999999999,11.5));
#5384=CARTESIAN_POINT('',(109.5,99.,11.5));
#5385=CARTESIAN_POINT('Origin',(107.5,97.,11.5));
#5386=CARTESIAN_POINT('',(109.5,97.,-8.88178419700125E-15));
#5387=CARTESIAN_POINT('',(107.5,99.,-8.88178419700125E-15));
#5388=CARTESIAN_POINT('Origin',(107.5,97.,-1.33226762955019E-14));
#5389=CARTESIAN_POINT('',(107.5,99.,11.5));
#5390=CARTESIAN_POINT('',(109.5,97.,11.5));
#5391=CARTESIAN_POINT('Origin',(109.5,99.,11.5));
#5392=CARTESIAN_POINT('',(109.5,6.99999999999999,0.));
#5393=CARTESIAN_POINT('',(109.5,6.99999999999999,11.5));
#5394=CARTESIAN_POINT('',(109.5,75.5,-8.88178419700125E-15));
#5395=CARTESIAN_POINT('Origin',(107.5,6.99999999999999,11.5));
#5396=CARTESIAN_POINT('',(107.5,5.,0.));
#5397=CARTESIAN_POINT('Origin',(107.5,6.99999999999999,0.));
#5398=CARTESIAN_POINT('',(107.5,5.,11.5));
#5399=CARTESIAN_POINT('Origin',(109.5,5.,11.5));
#5400=CARTESIAN_POINT('',(-107.5,5.,0.));
#5401=CARTESIAN_POINT('',(-107.5,5.,11.5));
#5402=CARTESIAN_POINT('',(54.75,5.,0.));
#5403=CARTESIAN_POINT('',(-76.8666666666666,5.,11.0000000000001));
#5404=CARTESIAN_POINT('',(-73.8666666666666,5.,11.0000000000001));
#5405=CARTESIAN_POINT('',(17.8166666666667,5.,11.0000000000001));
#5406=CARTESIAN_POINT('',(-73.8666666666666,5.,6.18441043645458));
#5407=CARTESIAN_POINT('',(-73.8666666666667,5.,10.6711026091136));
#5408=CARTESIAN_POINT('',(-76.8666666666666,5.,6.18441043645458));
#5409=CARTESIAN_POINT('',(17.8166666666667,5.,6.18441043645459));
#5410=CARTESIAN_POINT('',(-76.8666666666666,5.,10.6711026091136));
#5411=CARTESIAN_POINT('',(-70.4666666666667,5.,11.0000000000001));
#5412=CARTESIAN_POINT('',(-67.4666666666667,5.,11.0000000000001));
#5413=CARTESIAN_POINT('',(19.5166666666667,5.,11.0000000000001));
#5414=CARTESIAN_POINT('',(-67.4666666666667,5.,6.18441043645458));
#5415=CARTESIAN_POINT('',(-67.4666666666667,5.,10.6711026091136));
#5416=CARTESIAN_POINT('',(-70.4666666666667,5.,6.18441043645458));
#5417=CARTESIAN_POINT('',(19.5166666666667,5.,6.18441043645459));
#5418=CARTESIAN_POINT('',(-70.4666666666666,5.,10.6711026091136));
#5419=CARTESIAN_POINT('',(-5.19999999999998,5.,11.0000000000001));
#5420=CARTESIAN_POINT('',(-2.19999999999998,5.,11.0000000000001));
#5421=CARTESIAN_POINT('',(53.65,5.,11.0000000000001));
#5422=CARTESIAN_POINT('',(-2.19999999999998,5.,6.18441043645458));
#5423=CARTESIAN_POINT('',(-2.19999999999999,5.,10.6711026091136));
#5424=CARTESIAN_POINT('',(-5.19999999999998,5.,6.18441043645458));
#5425=CARTESIAN_POINT('',(53.65,5.,6.18441043645459));
#5426=CARTESIAN_POINT('',(-5.19999999999998,5.,10.6711026091136));
#5427=CARTESIAN_POINT('',(66.4666666666667,5.,11.0000000000001));
#5428=CARTESIAN_POINT('',(69.4666666666667,5.,11.0000000000001));
#5429=CARTESIAN_POINT('',(89.4833333333333,5.,11.0000000000001));
#5430=CARTESIAN_POINT('',(69.4666666666667,5.,6.18441043645458));
#5431=CARTESIAN_POINT('',(69.4666666666667,5.,10.6711026091136));
#5432=CARTESIAN_POINT('',(66.4666666666667,5.,6.18441043645458));
#5433=CARTESIAN_POINT('',(89.4833333333333,5.,6.18441043645459));
#5434=CARTESIAN_POINT('',(66.4666666666667,5.,10.6711026091136));
#5435=CARTESIAN_POINT('',(1.20000000000002,5.,11.0000000000001));
#5436=CARTESIAN_POINT('',(4.20000000000002,5.,11.0000000000001));
#5437=CARTESIAN_POINT('',(55.35,5.,11.0000000000001));
#5438=CARTESIAN_POINT('',(4.20000000000002,5.,6.18441043645458));
#5439=CARTESIAN_POINT('',(4.20000000000002,5.,10.6711026091136));
#5440=CARTESIAN_POINT('',(1.20000000000002,5.,6.18441043645458));
#5441=CARTESIAN_POINT('',(55.35,5.,6.18441043645459));
#5442=CARTESIAN_POINT('',(1.20000000000001,5.,10.6711026091136));
#5443=CARTESIAN_POINT('',(72.8666666666667,5.,11.0000000000001));
#5444=CARTESIAN_POINT('',(75.8666666666667,5.,11.0000000000001));
#5445=CARTESIAN_POINT('',(91.1833333333333,5.,11.));
#5446=CARTESIAN_POINT('',(75.8666666666667,5.,6.18441043645458));
#5447=CARTESIAN_POINT('',(75.8666666666667,5.,10.6711026091136));
#5448=CARTESIAN_POINT('',(72.8666666666667,5.,6.18441043645458));
#5449=CARTESIAN_POINT('',(91.1833333333333,5.,6.18441043645459));
#5450=CARTESIAN_POINT('',(72.8666666666667,5.,10.6711026091136));
#5451=CARTESIAN_POINT('Origin',(-107.5,97.,11.5));
#5452=CARTESIAN_POINT('',(-107.5,99.,-8.88178419700125E-15));
#5453=CARTESIAN_POINT('',(-109.5,97.,-8.88178419700125E-15));
#5454=CARTESIAN_POINT('Origin',(-107.5,97.,-1.33226762955019E-14));
#5455=CARTESIAN_POINT('',(-109.5,97.,11.5));
#5456=CARTESIAN_POINT('',(-107.5,99.,11.5));
#5457=CARTESIAN_POINT('Origin',(-109.5,5.,11.5));
#5458=CARTESIAN_POINT('',(-109.5,6.99999999999999,0.));
#5459=CARTESIAN_POINT('',(-109.5,28.5,0.));
#5460=CARTESIAN_POINT('',(-109.5,6.99999999999999,11.5));
#5461=CARTESIAN_POINT('Origin',(-107.5,6.99999999999999,11.5));
#5462=CARTESIAN_POINT('Origin',(-107.5,6.99999999999999,0.));
#5463=CARTESIAN_POINT('Origin',(69.4666666666667,2.44843756853683,11.5000001713634));
#5464=CARTESIAN_POINT('',(69.4666666666667,2.44843756853683,12.5000001713634));
#5465=CARTESIAN_POINT('Origin',(69.4666666666667,2.44843756853683,11.5000001713634));
#5466=CARTESIAN_POINT('',(70.4666666666667,2.44843756853683,11.5000001713634));
#5467=CARTESIAN_POINT('Origin',(69.4666666666667,2.44843756853683,11.5000001713634));
#5468=CARTESIAN_POINT('Origin',(-2.19999999999998,2.44843756853683,11.5000001713634));
#5469=CARTESIAN_POINT('',(-2.19999999999998,2.44843756853683,12.5000001713634));
#5470=CARTESIAN_POINT('Origin',(-2.19999999999998,2.44843756853683,11.5000001713634));
#5471=CARTESIAN_POINT('',(-1.19999999999998,2.44843756853683,11.5000001713634));
#5472=CARTESIAN_POINT('Origin',(-2.19999999999998,2.44843756853683,11.5000001713634));
#5473=CARTESIAN_POINT('Origin',(72.8666666666667,2.44843756853683,11.5000001713634));
#5474=CARTESIAN_POINT('',(72.8666666666667,2.44843756853683,12.5000001713634));
#5475=CARTESIAN_POINT('Origin',(72.8666666666667,2.44843756853683,11.5000001713634));
#5476=CARTESIAN_POINT('',(71.8666666666667,2.44843756853683,11.5000001713634));
#5477=CARTESIAN_POINT('Origin',(72.8666666666667,2.44843756853683,11.5000001713634));
#5478=CARTESIAN_POINT('Origin',(1.20000000000002,2.44843756853683,11.5000001713634));
#5479=CARTESIAN_POINT('',(1.20000000000002,2.44843756853683,12.5000001713634));
#5480=CARTESIAN_POINT('Origin',(1.20000000000002,2.44843756853683,11.5000001713634));
#5481=CARTESIAN_POINT('',(0.200000000000018,2.44843756853683,11.5000001713634));
#5482=CARTESIAN_POINT('Origin',(1.20000000000002,2.44843756853683,11.5000001713634));
#5483=CARTESIAN_POINT('Origin',(72.8666666666667,2.49999999999996,11.5));
#5484=CARTESIAN_POINT('',(72.8666666666667,4.28171366616677,12.408568330834));
#5485=CARTESIAN_POINT('',(72.8666666666667,1.08811196238797,10.0834647306727));
#5486=CARTESIAN_POINT('Origin',(72.8666666666667,2.49999999999996,11.5));
#5487=CARTESIAN_POINT('',(75.8666666666667,1.08811196238797,10.0834647306727));
#5488=CARTESIAN_POINT('',(72.8666666666667,1.08811196238797,10.0834647306727));
#5489=CARTESIAN_POINT('',(75.8666666666667,4.28171366616677,12.408568330834));
#5490=CARTESIAN_POINT('Origin',(75.8666666666667,2.49999999999996,11.5));
#5491=CARTESIAN_POINT('',(72.8666666666667,4.28171366616677,12.408568330834));
#5492=CARTESIAN_POINT('Origin',(72.8666666666667,5.,6.18441043645458));
#5493=CARTESIAN_POINT('',(72.8666666666667,1.56526380043264,9.60787828616452));
#5494=CARTESIAN_POINT('',(75.8666666666667,1.56526380043264,9.60787828616452));
#5495=CARTESIAN_POINT('Origin',(72.8666666666667,4.28171366616677,12.408568330834));
#5496=CARTESIAN_POINT('',(72.8666666666667,5.0021101545962,10.9958619608959));
#5497=CARTESIAN_POINT('',(75.8666666666667,5.0021101545962,10.9958619608959));
#5498=CARTESIAN_POINT('Origin',(75.8666666666667,2.74999999999999,9.84220521822729));
#5499=CARTESIAN_POINT('Origin',(72.8666666666667,2.74999999999999,9.84220521822729));
#5500=CARTESIAN_POINT('Origin',(1.20000000000002,2.5,11.5));
#5501=CARTESIAN_POINT('',(1.20000000000002,4.28171366616677,12.408568330834));
#5502=CARTESIAN_POINT('',(1.20000000000002,1.08811196238797,10.0834647306727));
#5503=CARTESIAN_POINT('Origin',(1.20000000000002,2.5,11.5));
#5504=CARTESIAN_POINT('',(4.20000000000002,1.08811196238797,10.0834647306727));
#5505=CARTESIAN_POINT('',(1.20000000000002,1.08811196238797,10.0834647306727));
#5506=CARTESIAN_POINT('',(4.20000000000002,4.28171366616677,12.408568330834));
#5507=CARTESIAN_POINT('Origin',(4.20000000000002,2.5,11.5));
#5508=CARTESIAN_POINT('',(1.20000000000002,4.28171366616677,12.408568330834));
#5509=CARTESIAN_POINT('Origin',(1.20000000000002,5.,6.18441043645458));
#5510=CARTESIAN_POINT('',(1.20000000000002,1.56526380043264,9.60787828616452));
#5511=CARTESIAN_POINT('',(4.20000000000002,1.56526380043264,9.60787828616452));
#5512=CARTESIAN_POINT('Origin',(1.20000000000002,4.28171366616677,12.408568330834));
#5513=CARTESIAN_POINT('',(1.20000000000002,5.0021101545962,10.9958619608959));
#5514=CARTESIAN_POINT('',(4.20000000000002,5.0021101545962,10.9958619608959));
#5515=CARTESIAN_POINT('Origin',(4.20000000000002,2.74999999999999,9.84220521822729));
#5516=CARTESIAN_POINT('Origin',(1.20000000000002,2.74999999999999,9.84220521822729));
#5517=CARTESIAN_POINT('Origin',(69.4666666666667,2.5,11.5));
#5518=CARTESIAN_POINT('',(69.4666666666667,4.28171366616677,12.408568330834));
#5519=CARTESIAN_POINT('',(69.4666666666667,1.08811196238797,10.0834647306727));
#5520=CARTESIAN_POINT('Origin',(69.4666666666667,2.5,11.5));
#5521=CARTESIAN_POINT('',(66.4666666666667,4.28171366616677,12.408568330834));
#5522=CARTESIAN_POINT('',(69.4666666666667,4.28171366616677,12.408568330834));
#5523=CARTESIAN_POINT('',(66.4666666666667,1.08811196238797,10.0834647306727));
#5524=CARTESIAN_POINT('Origin',(66.4666666666667,2.5,11.5));
#5525=CARTESIAN_POINT('',(69.4666666666667,1.08811196238797,10.0834647306727));
#5526=CARTESIAN_POINT('Origin',(69.4666666666667,5.,6.18441043645458));
#5527=CARTESIAN_POINT('',(69.4666666666667,1.56526380043264,9.60787828616452));
#5528=CARTESIAN_POINT('',(66.4666666666667,1.56526380043264,9.60787828616452));
#5529=CARTESIAN_POINT('Origin',(69.4666666666667,4.28171366616677,12.408568330834));
#5530=CARTESIAN_POINT('',(69.4666666666667,5.0021101545962,10.9958619608959));
#5531=CARTESIAN_POINT('',(66.4666666666667,5.0021101545962,10.9958619608959));
#5532=CARTESIAN_POINT('Origin',(66.4666666666667,2.74999999999999,9.84220521822729));
#5533=CARTESIAN_POINT('Origin',(69.4666666666667,2.74999999999999,9.84220521822729));
#5534=CARTESIAN_POINT('Origin',(-2.19999999999998,2.5,11.5));
#5535=CARTESIAN_POINT('',(-2.19999999999998,4.28171366616677,12.408568330834));
#5536=CARTESIAN_POINT('',(-2.19999999999998,1.08811196238797,10.0834647306727));
#5537=CARTESIAN_POINT('Origin',(-2.19999999999998,2.5,11.5));
#5538=CARTESIAN_POINT('',(-5.19999999999998,4.28171366616677,12.408568330834));
#5539=CARTESIAN_POINT('',(-2.19999999999998,4.28171366616677,12.408568330834));
#5540=CARTESIAN_POINT('',(-5.19999999999998,1.08811196238797,10.0834647306727));
#5541=CARTESIAN_POINT('Origin',(-5.19999999999998,2.5,11.5));
#5542=CARTESIAN_POINT('',(-2.19999999999998,1.08811196238797,10.0834647306727));
#5543=CARTESIAN_POINT('Origin',(-2.19999999999998,5.,6.18441043645458));
#5544=CARTESIAN_POINT('',(-2.19999999999998,1.56526380043264,9.60787828616452));
#5545=CARTESIAN_POINT('',(-5.19999999999998,1.56526380043264,9.60787828616452));
#5546=CARTESIAN_POINT('Origin',(-2.19999999999998,4.28171366616677,12.408568330834));
#5547=CARTESIAN_POINT('',(-2.19999999999998,5.0021101545962,10.9958619608959));
#5548=CARTESIAN_POINT('',(-5.19999999999998,5.0021101545962,10.9958619608959));
#5549=CARTESIAN_POINT('Origin',(-5.19999999999998,2.74999999999999,9.84220521822729));
#5550=CARTESIAN_POINT('Origin',(-2.19999999999998,2.74999999999999,9.84220521822729));
#5551=CARTESIAN_POINT('Origin',(-73.8666666666666,2.44843756853683,11.5000001713634));
#5552=CARTESIAN_POINT('',(-73.8666666666666,2.44843756853683,12.5000001713634));
#5553=CARTESIAN_POINT('Origin',(-73.8666666666666,2.44843756853683,11.5000001713634));
#5554=CARTESIAN_POINT('',(-72.8666666666666,2.44843756853683,11.5000001713634));
#5555=CARTESIAN_POINT('Origin',(-73.8666666666666,2.44843756853683,11.5000001713634));
#5556=CARTESIAN_POINT('Origin',(-70.4666666666667,2.44843756853683,11.5000001713634));
#5557=CARTESIAN_POINT('',(-70.4666666666667,2.44843756853683,12.5000001713634));
#5558=CARTESIAN_POINT('Origin',(-70.4666666666667,2.44843756853683,11.5000001713634));
#5559=CARTESIAN_POINT('',(-71.4666666666666,2.44843756853683,11.5000001713634));
#5560=CARTESIAN_POINT('Origin',(-70.4666666666667,2.44843756853683,11.5000001713634));
#5561=CARTESIAN_POINT('Origin',(-70.4666666666667,2.5,11.5));
#5562=CARTESIAN_POINT('',(-70.4666666666667,4.28171366616677,12.408568330834));
#5563=CARTESIAN_POINT('',(-70.4666666666667,1.08811196238797,10.0834647306727));
#5564=CARTESIAN_POINT('Origin',(-70.4666666666667,2.5,11.5));
#5565=CARTESIAN_POINT('',(-67.4666666666667,1.08811196238797,10.0834647306727));
#5566=CARTESIAN_POINT('',(-70.4666666666667,1.08811196238797,10.0834647306727));
#5567=CARTESIAN_POINT('',(-67.4666666666667,4.28171366616677,12.408568330834));
#5568=CARTESIAN_POINT('Origin',(-67.4666666666667,2.5,11.5));
#5569=CARTESIAN_POINT('',(-70.4666666666667,4.28171366616677,12.408568330834));
#5570=CARTESIAN_POINT('Origin',(-70.4666666666667,5.,6.18441043645458));
#5571=CARTESIAN_POINT('',(-70.4666666666667,1.56526380043264,9.60787828616452));
#5572=CARTESIAN_POINT('',(-67.4666666666667,1.56526380043264,9.60787828616452));
#5573=CARTESIAN_POINT('Origin',(-70.4666666666667,4.28171366616677,12.408568330834));
#5574=CARTESIAN_POINT('',(-70.4666666666667,5.0021101545962,10.9958619608959));
#5575=CARTESIAN_POINT('',(-67.4666666666667,5.0021101545962,10.9958619608959));
#5576=CARTESIAN_POINT('Origin',(-67.4666666666667,2.74999999999999,9.84220521822729));
#5577=CARTESIAN_POINT('Origin',(-70.4666666666667,2.74999999999999,9.84220521822729));
#5578=CARTESIAN_POINT('Origin',(-73.8666666666666,2.5,11.5));
#5579=CARTESIAN_POINT('',(-73.8666666666666,4.28171366616677,12.408568330834));
#5580=CARTESIAN_POINT('',(-73.8666666666666,1.08811196238797,10.0834647306727));
#5581=CARTESIAN_POINT('Origin',(-73.8666666666666,2.5,11.5));
#5582=CARTESIAN_POINT('',(-76.8666666666666,4.28171366616677,12.408568330834));
#5583=CARTESIAN_POINT('',(-73.8666666666666,4.28171366616677,12.408568330834));
#5584=CARTESIAN_POINT('',(-76.8666666666666,1.08811196238797,10.0834647306727));
#5585=CARTESIAN_POINT('Origin',(-76.8666666666666,2.5,11.5));
#5586=CARTESIAN_POINT('',(-73.8666666666666,1.08811196238797,10.0834647306727));
#5587=CARTESIAN_POINT('Origin',(-73.8666666666666,5.,6.18441043645458));
#5588=CARTESIAN_POINT('',(-73.8666666666666,1.56526380043264,9.60787828616452));
#5589=CARTESIAN_POINT('',(-76.8666666666666,1.56526380043264,9.60787828616452));
#5590=CARTESIAN_POINT('Origin',(-73.8666666666666,4.28171366616677,12.408568330834));
#5591=CARTESIAN_POINT('',(-73.8666666666666,5.0021101545962,10.9958619608959));
#5592=CARTESIAN_POINT('',(-76.8666666666666,5.0021101545962,10.9958619608959));
#5593=CARTESIAN_POINT('Origin',(-76.8666666666666,2.74999999999999,9.84220521822729));
#5594=CARTESIAN_POINT('Origin',(-73.8666666666666,2.74999999999999,9.84220521822729));
#5595=CARTESIAN_POINT('Origin',(-1.,100.,10.75));
#5596=CARTESIAN_POINT('',(0.,100.,9.49999999999999));
#5597=CARTESIAN_POINT('',(-1.,101.,10.5));
#5598=CARTESIAN_POINT('Origin',(-1.,100.,9.50000000000001));
#5599=CARTESIAN_POINT('',(-1.,101.,10.75));
#5600=CARTESIAN_POINT('',(0.,100.,11.5));
#5601=CARTESIAN_POINT('Origin',(-8.95833333333333,100.,9.49999999999999));
#5602=CARTESIAN_POINT('',(1.,99.,8.49999999999999));
#5603=CARTESIAN_POINT('Origin',(1.,100.,9.49999999999999));
#5604=CARTESIAN_POINT('',(-36.8333333333333,99.,8.49999999999999));
#5605=CARTESIAN_POINT('',(-54.75,99.,8.49999999999999));
#5606=CARTESIAN_POINT('',(-35.8333333333333,100.,9.49999999999999));
#5607=CARTESIAN_POINT('Origin',(-36.8333333333333,100.,9.49999999999999));
#5608=CARTESIAN_POINT('',(-34.8333333333333,101.,10.5));
#5609=CARTESIAN_POINT('Origin',(-34.8333333333333,100.,9.50000000000001));
#5610=CARTESIAN_POINT('',(-8.95833333333333,101.,10.5));
#5611=CARTESIAN_POINT('Origin',(1.,100.,11.5));
#5612=CARTESIAN_POINT('',(1.,99.,11.5));
#5613=CARTESIAN_POINT('Origin',(-34.8333333333333,100.,9.24999999999999));
#5614=CARTESIAN_POINT('',(-34.8333333333333,101.,9.24999999999999));
#5615=CARTESIAN_POINT('',(-35.8333333333333,100.,9.99999999999999));
#5616=CARTESIAN_POINT('Origin',(-36.8333333333333,100.,9.99999999999999));
#5617=CARTESIAN_POINT('',(-36.8333333333333,99.,9.99999999999999));
#5618=CARTESIAN_POINT('Origin',(-109.5,99.,11.5));
#5619=CARTESIAN_POINT('',(-54.75,99.,-8.88178419700125E-15));
#5620=CARTESIAN_POINT('Origin',(-17.9166666666667,101.,9.99999999999999));
#5621=CARTESIAN_POINT('Origin',(-35.8333333333333,97.6707106781187,7.07071067811832));
#5622=CARTESIAN_POINT('',(-35.9333333333333,97.7000000000001,7.04142135623698));
#5623=CARTESIAN_POINT('',(-35.9333333333333,97.6582106781187,7.08321067811839));
#5624=CARTESIAN_POINT('',(35.9333333333333,97.7000000000001,7.04142135623698));
#5625=CARTESIAN_POINT('',(-35.8333333333333,97.7000000000001,7.04142135623698));
#5626=CARTESIAN_POINT('',(35.9333333333333,97.6582106781187,7.08321067811839));
#5627=CARTESIAN_POINT('Origin',(35.9333333333333,97.3,6.74999999999999));
#5628=CARTESIAN_POINT('',(35.9333333333333,97.7,6.45857864376326));
#5629=CARTESIAN_POINT('',(35.9333333333333,97.7,6.62500000000021));
#5630=CARTESIAN_POINT('',(35.9333333333333,97.3582106781186,6.11678932188159));
#5631=CARTESIAN_POINT('Origin',(-35.8333333333333,97.7,6.50000000000052));
#5632=CARTESIAN_POINT('',(-35.9333333333333,97.7,6.45857864376326));
#5633=CARTESIAN_POINT('',(-35.9333333333333,97.7,6.62500000000021));
#5634=CARTESIAN_POINT('',(-35.8333333333333,97.7,6.45857864376325));
#5635=CARTESIAN_POINT('Origin',(-35.8333333333333,97.0707106781187,5.82928932188137));
#5636=CARTESIAN_POINT('',(-35.9333333333333,97.3582106781186,6.11678932188159));
#5637=CARTESIAN_POINT('Origin',(-35.9333333333333,97.3,6.74999999999999));
#5638=CARTESIAN_POINT('Origin',(0.,52.,1.99999999999999));
#5639=CARTESIAN_POINT('',(-107.9,95.,1.99999999999999));
#5640=CARTESIAN_POINT('Origin',(-105.5,95.,1.99999999999999));
#5641=CARTESIAN_POINT('',(-107.9,8.99999999999999,2.));
#5642=CARTESIAN_POINT('',(-107.9,73.5,1.99999999999999));
#5643=CARTESIAN_POINT('',(-105.5,6.6,2.));
#5644=CARTESIAN_POINT('Origin',(-105.5,8.99999999999999,2.));
#5645=CARTESIAN_POINT('',(-52.75,6.59999999999997,2.));
#5646=CARTESIAN_POINT('Origin',(-105.5,6.6,11.5));
#5647=CARTESIAN_POINT('',(-105.5,6.6,11.5));
#5648=CARTESIAN_POINT('Origin',(-105.5,8.99999999999999,11.5));
#5649=CARTESIAN_POINT('',(-107.9,8.99999999999999,11.5));
#5650=CARTESIAN_POINT('Origin',(-107.9,95.,11.5));
#5651=CARTESIAN_POINT('',(-107.9,95.,11.5));
#5652=CARTESIAN_POINT('Origin',(-105.5,95.,11.5));
#5653=CARTESIAN_POINT('Origin',(0.,52.,-8.88178419700125E-15));
#5654=UNCERTAINTY_MEASURE_WITH_UNIT(LENGTH_MEASURE(0.01),#5658,
'DISTANCE_ACCURACY_VALUE',
'Maximum model space distance between geometric entities at asserted c
onnectivities');
#5655=UNCERTAINTY_MEASURE_WITH_UNIT(LENGTH_MEASURE(0.01),#5658,
'DISTANCE_ACCURACY_VALUE',
'Maximum model space distance between geometric entities at asserted c
onnectivities');
#5656=(
GEOMETRIC_REPRESENTATION_CONTEXT(3)
GLOBAL_UNCERTAINTY_ASSIGNED_CONTEXT((#5654))
GLOBAL_UNIT_ASSIGNED_CONTEXT((#5658,#5660,#5661))
REPRESENTATION_CONTEXT('','3D')
);
#5657=(
GEOMETRIC_REPRESENTATION_CONTEXT(3)
GLOBAL_UNCERTAINTY_ASSIGNED_CONTEXT((#5655))
GLOBAL_UNIT_ASSIGNED_CONTEXT((#5658,#5660,#5661))
REPRESENTATION_CONTEXT('','3D')
);
#5658=(
LENGTH_UNIT()
NAMED_UNIT(*)
SI_UNIT(.MILLI.,.METRE.)
);
#5659=(
LENGTH_UNIT()
NAMED_UNIT(*)
SI_UNIT($,.METRE.)
);
#5660=(
NAMED_UNIT(*)
PLANE_ANGLE_UNIT()
SI_UNIT($,.RADIAN.)
);
#5661=(
NAMED_UNIT(*)
SI_UNIT($,.STERADIAN.)
SOLID_ANGLE_UNIT()
);
#5662=SHAPE_DEFINITION_REPRESENTATION(#5663,#5664);
#5663=PRODUCT_DEFINITION_SHAPE('',$,#5666);
#5664=SHAPE_REPRESENTATION('',(#3402),#5656);
#5665=PRODUCT_DEFINITION_CONTEXT('part definition',#5670,'design');
#5666=PRODUCT_DEFINITION('(Unsaved)','(Unsaved)',#5667,#5665);
#5667=PRODUCT_DEFINITION_FORMATION('',$,#5672);
#5668=PRODUCT_RELATED_PRODUCT_CATEGORY('(Unsaved)','(Unsaved)',(#5672));
#5669=APPLICATION_PROTOCOL_DEFINITION('international standard',
'automotive_design',2009,#5670);
#5670=APPLICATION_CONTEXT(
'Core Data for Automotive Mechanical Design Process');
#5671=PRODUCT_CONTEXT('part definition',#5670,'mechanical');
#5672=PRODUCT('(Unsaved)','(Unsaved)',$,(#5671));
#5673=PRESENTATION_STYLE_ASSIGNMENT((#5674));
#5674=SURFACE_STYLE_USAGE(.BOTH.,#5675);
#5675=SURFACE_SIDE_STYLE('',(#5676));
#5676=SURFACE_STYLE_FILL_AREA(#5677);
#5677=FILL_AREA_STYLE('Steel - Satin',(#5678));
#5678=FILL_AREA_STYLE_COLOUR('Steel - Satin',#5679);
#5679=COLOUR_RGB('Steel - Satin',0.627450980392157,0.627450980392157,0.627450980392157);
ENDSEC;
END-ISO-10303-21;
